_jitter,PctBach_jit,PctFB_jit,PctBlack_jit,PctRural_jit,gwr_intercept,gwr_PctFB,gwr_PctBlack,gwr_PctRural,gwr_intercept_filter_t,gwr_PctFB_filter_t,gwr_PctBlack_filter_t,gwr_PctRural_filter_t,mgwr_intercept,mgwr_PctFB,mgwr_PctBlack,mgwr_PctRural,mgwr_intercept_filter_t,mgwr_PctFB_filter_t,mgwr_PctBlack_filter_t,mgwr_PctRural_filter_t,PctBach_lag,PctBach_lag_std,PctFB_lag,PctFB_lag_std,PctBlack_lag,PctBlack_lag_std,PctRural_lag,PctRural_lag_std,PctBach_lisa,PctBach_lisa_clust,PctBach_lisa_clust_filt,PctFB_lisa,PctFB_lisa_clust,PctFB_lisa_clust_filt,PctBlack_lisa,PctBlack_lisa_clust,PctBlack_lisa_clust_filt,PctRural_lisa,PctRural_lisa_clust,PctRural_lisa_clust_filt,MBV_PctBach_PctFB,MBV_PctBach_PctBlack,MBV_PctBach_PctRural,MBV_PctFB_PctBach,MBV_PctFB_PctBlack,MBV_PctFB_PctRural,MBV_PctBlack_PctBach,MBV_PctBlack_PctFB,MBV_PctBlack_PctRural,MBV_PctRural_PctBach,MBV_PctRural_PctFB,MBV_PctRural_PctBlack
1,PctBach,PctFB,PctBlack,PctRural,-0.23204579046468474,0.22820815148469148,0.05697445147066274,-0.4264946069063959,-0.23204579046468474,0.0,0.0,-0.4264946069063959,-0.19724851266597593,0.2945563703880169,-0.04527794061596228,-0.33124348744163784,-0.19724851266597593,0.2945563703880169,0.0,-0.33124348744163784,-0.5189511587733832,-0.5176222185460507,-0.05366118306491258,-0.0513902152604535,-0.3941315962875816,-0.404746536268247,0.06136168273213361,0.038877435125377446,0.24945561282045986,3,LL,0.02125037483920042,3,NS,0.14992691577833903,3,NS,0.012234250137676352,1,NS,NS,NS,NS,LL,NS,NS,LL,NS,NS,HL,NS,NS
1,PctBach,PctFB,PctBlack,PctRural,-0.2792238015541664,0.16511734153427748,0.09516542293740746,-0.4122634827059708,-0.2792238015541664,0.0,0.0,-0.4122634827059708,-0.25339380937471156,0.2280226838218059,-0.02666017044663905,-0.3253123213265224,-0.25339380937471156,0.0,0.0,-0.3253123213265224,-0.5519670175461776,-0.5506380773188452,-0.25144589311336835,-0.24917492530890928,-0.19084251962418078,-0.2014574596048462,-0.14223629326692364,-0.1647205408736798,0.4391729565269745,3,LL,-0.09100624017362707,4,NS,0.005834343161267605,3,NS,-0.1560237192823041,4,NS,NS,NS,NS,HL,NS,NS,LL,NS,NS,HL,NS,NS
1,PctBach,PctFB,PctBlack,PctRural,-0.2489440016969561,0.20466991234027615,0.07121197045156252,-0.4257363816387728,-0.2489440016969561,0.0,0.0,-0.4257363816387728,-0.21977661102577475,0.2795719346534039,-0.03733625049495251,-0.33029039056826265,-0.21977661102577475,0.2795719346534039,0.0,-0.33029039056826265,-0.47272895649147084,-0.47140001626413847,-0.2585458570638257,-0.25627488925936664,-0.4985174351562619,-0.5091323751369273,0.14974171322263344,0.12725746561587728,0.3595837847591514,3,NS,0.17952105937927335,3,NS,0.34230189568819963,3,NS,-0.04670925465944202,2,NS,NS,NS,NS,NS,NS,NS,LL,NS,NS,LL,NS,NS
1,PctBach,PctFB,PctBlack,PctRural,-0.23036768363053692,0.1527492972011669,0.051037900882066015,-0.3593865947455491,-0.23036768363053692,0.0,0.0,-0.3593865947455491,-0.1676819507481164,0.1453811978386111,-0.027046657118738486,-0.2868239634327772,0.0,0.0,0.0,-0.2868239634327772,-0.14257036876352613,-0.14124142853619373,-0.4309735530035051,-0.428702585199046,1.011722742256193,1.0011078022755275,-0.3643431761749862,-0.38682742378174234,0.038596555151844326,3,NS,0.354846553759985,3,NS,1.4085688255125652,1,HH,-0.39966014394983124,4,NS,NS,LH,NS,NS,LH,NS,NS,NS,NS,NS,NS,HH
1,PctBach,PctFB,PctBlack,PctRural,0.19066196284817757,0.7162754073628359,-0.16920186490314762,-0.2409175251121044,0.19066196284817757,0.7162754073628359,0.0,-0.2409175251121044,0.1653557893936095,0.6790529996000223,-0.14010957964649862,-0.2956142818208659,0.0,0.6790529996000223,0.0,-0.2956142818208659,-0.12936402525440827,-0.12803508502707586,-0.3701167191424417,-0.36784575133798264,0.9749316034704106,0.9643166634897452,0.32465088351273275,0.3021666359059766,-0.053258066192052755,4,NS,-0.08919203331089681,4,NS,0.8384924890329406,1,HH,-0.32817240441274526,2,NS,NS,HH,NS,NS,HH,NS,NS,NS,NS,NS,NS,LH
1,PctBach,PctFB,PctBlack,PctRural,0.1631633036811357,0.7217186979859436,-0.08400430689003807,-0.3005379596795463,0.1631633036811357,0.7217186979859436,0.0,-0.3005379596795463,0.22220770558243788,0.7175453458945272,-0.07694133253103787,-0.3049109170283307,0.22220770558243788,0.7175453458945272,0.0,-0.3049109170283307,0.08633958539451554,0.08766852562184795,0.35813672606161584,0.3604076938660749,-1.0937403491199669,-1.1043552891006323,0.47411030680294963,0.4516260591961935,-0.06869615353393893,2,NS,-0.22845775522210393,2,NS,1.4993089555844656,3,LL,0.5200673591700834,1,NS,NS,LL,NS,NS,LL,NS,NS,NS,NS,NS,NS,HL
1,PctBach,PctFB,PctBlack,PctRural,0.16606586338511273,0.7170966433442432,-0.0922380514091129,-0.29633022461815894,0.16606586338511273,0.7170966433442432,0.0,-0.29633022461815894,0.23895169805672734,0.7206158417462545,-0.08214949242473556,-0.30233706871662247,0.23895169805672734,0.7206158417462545,0.0,-0.30233706871662247,1.402571821803255,1.4039007620305874,0.895705425167675,0.8979763929721342,-1.0136655176450289,-1.0242804576256943,-0.09735219401258599,-0.11983644161934215,-0.42878690660754704,2,LH,-0.1524851231552247,2,LH,0.9273897003841173,3,LL,0.01998208867198033,3,NS,LH,LL,NS,LH,LL,NS,LH,LH,NS,LH,LH,LL
1,PctBach,PctFB,PctBlack,PctRural,0.12335740923722724,0.7158414860674543,-0.04894647879035335,-0.2672957405844876,0.0,0.7158414860674543,0.0,-0.2672957405844876,0.1279380164396997,0.7061778675693768,-0.04542355999466514,-0.297147751031525,0.0,0.7061778675693768,0.0,-0.297147751031525,0.3526675128283909,0.3539964530557233,0.029509823211874044,0.031780791016333125,-1.1676833241306077,-1.1782982641112731,-0.20562929943026648,-0.22811354703702263,-0.12015741356583717,2,NS,-0.007403199400858025,2,NS,1.2176306561421153,3,LL,-0.03797259912340526,4,NS,NS,LL,NS,NS,LL,NS,NS,NS,NS,NS,NS,HL
1,PctBach,PctFB,PctBlack,PctRural,-0.2692157793870832,0.20975298013977944,0.09585988365988511,-0.37247221184037466,-0.2692157793870832,0.0,0.0,-0.37247221184037466,-0.22263906337016093,0.288131370905501,-0.04073719494368561,-0.314225045256058,-0.22263906337016093,0.288131370905501,0.0,-0.314225045256058,-0.3362634068972537,-0.3349344666699213,-0.2666601015786341,-0.26438913377417506,0.06943675241327507,0.05882181243260964,-0.13113094912152057,-0.15361519672827673,0.19694213577415567,3,NS,0.1722543561744005,3,NS,0.01567721087945161,1,NS,0.11181163779666958,3,NS,NS,NS,NS,NS,NS,NS,NS,NS,NS,NS,NS,NS
1,PctBach,PctFB,PctBlack,PctRural,-0.28700586504178377,0.15228428559161855,0.09886707958466028,-0.39369058583593425,-0.28700586504178377,0.0,0.0,-0.39369058583593425,-0.2514647721398071,0.19213303289180048,-0.024620869373975708,-0.3183592493272113,-0.2514647721398071,0.0,0.0,-0.3183592493272113,-0.21080314356063462,-0.20947420333330222,0.4281220850018387,0.43039305280629775,0.02103115608923603,0.010416216108570596,-0.061722548212751055,-0.08420679581950721,0.1271513716183819,3,NS,0.020321436733081743,1,NS,-0.019024038024759778,2,NS,0.009036160228489113,3,NS,NS,NS,NS,NS,NS,NS,NS,NS,NS,NS,NS,NS
1,PctBach,PctFB,PctBlack,PctRural,0.1568141671069103,0.5989062575466919,-0.1610209051969373,-0.26529281677666267,0.0,0.5989062575466919,0.0,-0.26529281677666267,0.10145224794488072,0.5484275547477854,-0.11731045059022759,-0.28634980972455315,0.0,0.5484275547477854,0.0,-0.28634980972455315,-0.047924906948181925,-0.04659596672084953,-0.18957477868795392,-0.18730381088349485,0.4341018633194112,0.42348692333874577,0.19138675376789518,0.16890250616113903,-0.05075759744442115,4,NS,0.010873117756729984,3,NS,0.355674896261341,1,NS,-0.38073103407226283,2,NS,NS,NS,NS,NS,NS,NS,NS,NS,NS,NS,NS,NS
1,PctBach,PctFB,PctBlack,PctRural,-0.06758650198444452,0.41596720550417143,-0.028764069443659637,-0.3175257308105857,0.0,0.41596720550417143,0.0,-0.3175257308105857,-0.03374000209538996,0.39719718275909455,-0.09261651424873033,-0.29830003590178394,0.0,0.39719718275909455,0.0,-0.29830003590178394,-0.09854922373313349,-0.09722028350580109,-0.20174614546016656,-0.1994751776557075,0.4565372440299569,0.44592230404929145,0.003984071314217463,-0.0185001762925387,0.01115970583352999,3,NS,0.07989352765864845,3,NS,-0.13177505386268193,2,NS,-0.0017996653345364302,2,NS,NS,NS,NS,NS,NS,NS,NS,NS,NS,NS,NS,NS
1,PctBach,PctFB,PctBlack,PctRural,-0.2448604702242548,0.18238644429422973,0.0637541025913806,-0.45146350611132136,-0.2448604702242548,0.0,0.0,-0.45146350611132136,-0.21317327467781796,0.26156865026581017,-0.026841459284860036,-0.33920295226405484,-0.21317327467781796,0.0,0.0,-0.33920295226405484,-0.13596719700896726,-0.13463825678163485,-0.27984574891519787,-0.2775747811107388,-0.22041970962843704,-0.23103464960910247,-0.20285296339391565,-0.2253372110006718,0.12245708852925113,3,NS,0.18077188534076782,3,NS,0.28837485361270465,3,NS,-0.22251616018115,4,NS,NS,NS,NS,NS,NS,NS,NS,NS,NS,NS,NS,NS
1,PctBach,PctFB,PctBlack,PctRural,-0.29442963898440017,0.12673270476023288,0.09967164494784482,-0.3901250632927786,-0.29442963898440017,0.0,0.0,-0.3901250632927786,-0.2497448207443981,0.14068981767494304,-0.017779994913449677,-0.31497560421499954,-0.2497448207443981,0.0,0.0,-0.31497560421499954,-0.35387186490941075,-0.3525429246820784,0.25468010849780826,0.2569510763022673,-0.10138955473325909,-0.11200449471392451,-0.07236516968542897,-0.09484941729218513,0.1143758002576996,3,NS,0.12914051782730404,1,NS,-0.08185096577877729,4,NS,0.01219140796678493,3,NS,NS,NS,NS,NS,NS,NS,NS,NS,NS,NS,NS,NS
1,PctBach,PctFB,PctBlack,PctRural,-0.16288288129879774,0.27611671719305464,-0.005848335513625053,-0.44295350385068016,0.0,0.0,0.0,-0.44295350385068016,-0.1286212495140812,0.32404774586531937,-0.06792542515533342,-0.3429060013824018,0.0,0.32404774586531937,0.0,-0.3429060013824018,0.02030786784892666,0.021636808076259055,0.3571224454972648,0.35939341330172386,0.1887554652597141,0.17814052527904867,0.03776282642315189,0.015278578816395723,0.003030457394194793,1,NS,-0.19613564700615488,2,NS,-0.13577718251575568,2,NS,0.014474653738022323,1,NS,NS,NS,NS,NS,NS,NS,NS,NS,NS,NS,NS,NS
1,PctBach,PctFB,PctBlack,PctRural,-0.09585975206438563,0.3695376921957326,-0.0502691998048101,-0.40230194704376815,0.0,0.3695376921957326,0.0,-0.40230194704376815,-0.0781746906165466,0.3784873202655424,-0.09460406135505739,-0.33649770551683333,0.0,0.3784873202655424,0.0,-0.33649770551683333,-0.39128983818524443,-0.38996089795791206,-0.32345981318229333,-0.32118884537783426,0.16249669169495962,0.1518817517142942,0.1710269561679894,0.14854270856123325,-0.6129713909579252,4,NS,-0.00752911526374714,4,NS,-0.013448023686864475,2,NS,-0.043911967068642845,2,NS,NS,NS,NS,NS,NS,NS,NS,NS,NS,NS,NS,NS
1,PctBach,PctFB,PctBlack,PctRural,0.07974452894026805,0.5911607312006021,-0.14484444415854972,-0.30787984716487765,0.0,0.5911607312006021,0.0,-0.30787984716487765,0.06584966380869993,0.5557010709212878,-0.13324315572643988,-0.3246505952591078,0.0,0.5557010709212878,0.0,-0.3246505952591078,0.020307867848926596,0.021636808076258993,-0.02830416895613618,-0.026033201151677104,0.4149127595605522,0.40429781957988675,-0.2671714149027088,-0.28965566250946495,-0.004787049954546613,2,NS,0.016001411613664186,3,NS,0.5900346341860442,1,NS,-0.020836383783268516,4,NS,NS,NS,NS,NS,NS,NS,NS,NS,NS,NS,NS,NS
1,PctBach,PctFB,PctBlack,PctRural,0.1922342808089637,0.6796772013916335,-0.14863280039726168,-0.26847421011225275,0.1922342808089637,0.6796772013916335,0.0,-0.26847421011225275,0.20707898205894926,0.6704203491663641,-0.11069833530533826,-0.29297830239683115,0.0,0.6704203491663641,0.0,-0.29297830239683115,0.10614910065819233,0.10747804088552473,-0.14494643385650752,-0.14267546605204845,-0.20772315977295144,-0.21833809975361687,0.19462581247697108,0.17214156487021492,-0.06959867669132294,2,NS,0.04805039350937577,3,NS,-0.09633652501390516,4,NS,0.0230538787480386,1,NS,NS,NS,NS,NS,NS,NS,NS,NS,NS,NS,NS,NS
1,PctBach,PctFB,PctBlack,PctRural,-0.17523465374650432,0.17925334812696408,0.015100424257442065,-0.3633072933246736,0.0,0.0,0.0,-0.3633072933246736,-0.1392548775249164,0.16244907681722692,-0.03361903021899004,-0.27895404649826816,0.0,0.0,0.0,-0.27895404649826816,-0.2174063153151936,-0.2160773750878612,-0.4908161063002173,-0.48854513849575826,1.320191192154242,1.3095762521735765,0.023881146241398032,0.0013968986346418674,0.03222729953632868,3,NS,0.40807609601847666,3,LL,2.384667858842287,1,HH,0.026196023333617112,1,NS,LL,LH,NS,NS,LH,NS,NS,HL,NS,NS,HL,HH
1,PctBach,PctFB,PctBlack,PctRural,-0.24334037703188488,0.17283797221208844,0.06124295863444933,-0.46097151768480094,-0.24334037703188488,0.0,0.0,-0.46097151768480094,-0.21079418955336757,0.25348635755632537,-0.023345160609105846,-0.34327941330253686,-0.21079418955336757,0.0,0.0,-0.34327941330253686,-0.3362634068972537,-0.3349344666699213,-0.2859314323013042,-0.2836604644968451,-0.28736515432099774,-0.29798009430166317,0.219150114131403,0.19666586652464685,-0.1502044586823184,4,NS,-0.23259708490592962,4,NS,0.11870676051863684,3,NS,-0.18605693749269006,2,NS,NS,NS,NS,NS,NS,NS,NS,NS,NS,NS,NS,NS
1,PctBach,PctFB,PctBlack,PctRural,-0.10036718114834102,0.3783781151188593,-0.04326886444399457,-0.38893945488068693,0.0,0.3783781151188593,0.0,-0.38893945488068693,-0.08198620066949447,0.3807989623248203,-0.09565123817490598,-0.33085535568587093,0.0,0.3807989623248203,0.0,-0.33085535568587093,-0.17558622753632058,-0.17425728730898818,-0.23014600126199625,-0.22787503345753718,0.20715103465260518,0.19653609467193975,-0.06172254821275108,-0.08420679581950724,0.03217279934566537,3,NS,0.031757251192292,3,NS,0.0421367745467781,1,NS,0.041049699445065695,3,NS,NS,NS,NS,NS,NS,NS,NS,NS,NS,NS,NS,NS
1,PctBach,PctFB,PctBlack,PctRural,0.11409443422673868,0.6754361745276649,-0.05953218625512154,-0.2602385446262476,0.0,0.6754361745276649,0.0,-0.2602385446262476,0.10998249709090827,0.6526877690622613,-0.04929836137705105,-0.29015634919352773,0.0,0.6526877690622613,0.0,-0.29015634919352773,0.1039480434066727,0.1052769836340051,-0.04250409685705091,-0.040233129052591826,-0.8344710299119247,-0.8450859698925901,-0.1514907467214263,-0.17397499432818245,0.01914943378476742,1,NS,0.009634945104986609,3,NS,0.5710667632040894,3,LL,0.009361244737102904,3,NS,NS,HL,NS,NS,LL,NS,NS,NS,NS,NS,NS,LL
1,PctBach,PctFB,PctBlack,PctRural,0.11880665086910638,0.7236286138849146,-0.03774818455858679,-0.26445895547353937,0.0,0.7236286138849146,0.0,-0.26445895547353937,0.1079943687856337,0.7081254902819327,-0.035728708159843456,-0.29912279690549703,0.0,0.7081254902819327,0.0,-0.29912279690549703,-0.35827397941245,-0.3569450391851176,-0.25753157649947467,-0.2552606086950156,-1.3312235430078005,-1.341838482988466,0.14835354520445815,0.125869297597702,0.17848837121556801,3,NS,0.1538984157505738,3,NS,2.021820124757732,3,LL,-0.14505128478805496,2,NS,NS,LL,NS,NS,LL,NS,NS,NS,NS,NS,NS,LL
1,PctBach,PctFB,PctBlack,PctRural,-0.26140439046071073,0.1581212167879045,0.07714826086106079,-0.44811630571764255,-0.26140439046071073,0.0,0.0,-0.44811630571764255,-0.2373873757310606,0.23105442543630095,-0.021105523733666566,-0.33763228796546607,-0.2373873757310606,0.0,0.0,-0.33763228796546607,-0.23501477332735068,-0.23368583310001828,-0.16726060627223072,-0.16498963846777165,-0.5267239748920284,-0.5373389148726938,-0.2171973662483947,-0.23968161385515085,0.18698967428983132,3,NS,0.09590737130927471,3,NS,0.010363434845422041,3,NS,-0.23825101260759443,4,NS,NS,NS,NS,NS,NS,NS,NS,NS,NS,NS,NS,NS
1,PctBach,PctFB,PctBlack,PctRural,-0.15282576103065376,0.27678627289458546,-0.015451292822787543,-0.44973456890593144,0.0,0.0,0.0,-0.44973456890593144,-0.11814023787901519,0.3280054236118791,-0.06907714376900653,-0.34746826927790875,0.0,0.3280054236118791,0.0,-0.34746826927790875,-0.1293640252544083,-0.1280350850270759,0.19483755520109597,0.19710852300555504,0.021608271991758146,0.010993332011092712,0.3871184443306252,0.36463419672386904,-0.17322751922611546,4,NS,0.14435565987705481,1,NS,0.013168926727579218,1,NS,-0.9267472332646148,2,NS,NS,NS,NS,NS,NS,NS,NS,NS,NS,NS,NS,NS
1,PctBach,PctFB,PctBlack,PctRural,0.030197752377273172,0.3370528519254927,-0.09305741265138445,-0.34304921806706523,0.0,0.3370528519254927,0.0,-0.34304921806706523,-0.01925375267474273,0.33240772790866274,-0.061228087559413044,-0.27084316235112005,0.0,0.33240772790866274,0.0,-0.27084316235112005,-0.37588243742460703,-0.37455349719727465,-0.282888590608251,-0.28061762280379193,1.0021281903767634,0.991513250396098,0.6268087888022427,0.6043245411954865,-0.6085663222139143,4,NS,-1.2793774707491368,4,NS,0.20384377850533392,1,HH,-1.302265476939056,2,LH,NS,HH,HH,NS,HH,HH,NS,NS,HH,NS,NS,LH
1,PctBach,PctFB,PctBlack,PctRural,0.11304399003765694,0.7157700099309808,-0.03733378927948942,-0.25982376899938264,0.0,0.7157700099309808,0.0,-0.25982376899938264,0.09696029833148453,0.6982343735913942,-0.03396850027017258,-0.2959966095537716,0.0,0.6982343735913942,0.0,-0.2959966095537716,-0.2724327466031844,-0.271103806375852,-0.1459607144208586,-0.14368974661639952,-1.220922266138269,-1.2315372061189345,-0.22691454237562242,-0.24939878998237858,0.24059606182623647,3,NS,0.12017827111578185,3,NS,1.3151578065912937,3,LL,-0.0602667570553939,4,NS,NS,LL,NS,NS,LL,NS,NS,NS,NS,NS,NS,HL
1,PctBach,PctFB,PctBlack,PctRural,0.1354447526856241,0.7216074693929844,-0.05658500213426411,-0.27501344756749396,0.0,0.7216074693929844,0.0,-0.27501344756749396,0.15691696362274654,0.7080354589817727,-0.05429841367387192,-0.29927259962320013,0.0,0.7080354589817727,0.0,-0.29927259962320013,0.8148895356475135,0.816218475874846,0.31147982010146735,0.3137507879059264,-1.0414392204539038,-1.0520541604345692,-0.01313666757661236,-0.035620915183368525,1.0626769377911987,1,HH,0.11022289389745216,1,NS,1.5303412885683771,3,LL,0.005982354871845477,3,NS,NS,HL,NS,HH,HL,NS,LH,NS,NS,LH,NS,LL
1,PctBach,PctFB,PctBlack,PctRural,0.18522655340971572,0.7139702739648373,-0.11364616211513769,-0.30804812816544686,0.18522655340971572,0.7139702739648373,0.0,-0.30804812816544686,0.26861217915389934,0.7198225076013969,-0.0964938824843764,-0.3039017035604565,0.26861217915389934,0.7198225076013969,0.0,-0.3039017035604565,0.23601147849785048,0.23734041872518288,-0.31635984923183585,-0.3140888814273768,-0.39456443321447315,-0.4051793731951386,0.39914923382147866,0.3766649862147225,1.0965419029309456,1,NS,-0.8517039338288023,4,NS,0.02631789707034666,3,NS,-0.7720147041961538,2,NS,NS,NS,NS,NS,NS,NS,NS,NS,NS,NS,NS,NS
1,PctBach,PctFB,PctBlack,PctRural,-0.13667753349093195,0.19207024067899955,-0.010058911756044083,-0.3700808833427908,0.0,0.0,0.0,-0.3700808833427908,-0.12298515252256906,0.17385131077858704,-0.036236598968607585,-0.2728342757206856,0.0,0.0,0.0,-0.2728342757206856,-0.43971309771867645,-0.4383841574913441,-0.6054298100718865,-0.6031588422674273,1.4027187662148985,1.3921038262342331,0.4403315516940151,0.41784730408725895,-0.01945268792743166,4,NS,0.3325088327895996,3,LL,2.6841680868064697,1,HH,0.48301431958523033,1,NS,HL,HH,NS,NS,LH,NS,NS,HL,NS,NS,HL,HH
1,PctBach,PctFB,PctBlack,PctRural,0.15070487552815,0.6892528524106163,-0.09546871575261137,-0.27429726052531117,0.0,0.6892528524106163,0.0,-0.27429726052531117,0.19667060234295253,0.6880183221554687,-0.07682650448363133,-0.29363211619677554,0.0,0.6880183221554687,0.0,-0.29363211619677554,1.4906141118640404,1.4919430520913728,1.0671188405430034,1.0693898083474624,-0.3195393658866034,-0.33015430586726885,-0.9681962640812809,-0.9906805116880371,0.9788258511135064,1,HH,2.6663914476404766,1,HH,0.06547723434815991,3,NS,2.342756603174157,3,LL,HH,NS,HL,HH,NS,HL,LH,LH,LL,LH,LH,NS
1,PctBach,PctFB,PctBlack,PctRural,-0.2819791544566292,0.14186479382798595,0.09412639390209132,-0.42607959360457254,-0.2819791544566292,0.0,0.0,-0.42607959360457254,-0.25591084181113866,0.19378869105268642,-0.017579785774369628,-0.32964926120705834,-0.25591084181113866,0.0,0.0,-0.32964926120705834,-0.5321575022825009,-0.5308285620551685,-0.05366118306491257,-0.05139021526045349,-0.3325966131811654,-0.34321155316183083,0.37462493216704684,0.3521406845602907,0.3954768836607807,3,LL,0.04418249275057727,3,NS,0.0019661772011032386,3,NS,-0.1595773499660186,2,NS,NS,NS,NS,LL,NS,NS,LL,NS,NS,LL,NS,NS
1,PctBach,PctFB,PctBlack,PctRural,0.13228779425328177,0.7085316070484304,-0.06368225272101218,-0.27195258422554314,0.0,0.7085316070484304,0.0,-0.27195258422554314,0.15847990791712716,0.7035299818893165,-0.057021218493558554,-0.29624589039432847,0.0,0.7035299818893165,0.0,-0.29624589039432847,1.4972172836185993,1.4985462238459317,1.5661448782037228,1.5684158460081818,-0.5447588468458431,-0.5553737868265085,-1.3110737645706025,-1.3335580121773587,5.777373618336818,1,HH,3.7743894719115176,1,HH,0.5483788188439523,3,NS,3.104902594271685,3,LL,HH,NS,HL,HH,NS,HL,LH,LH,LL,LH,LH,NS
1,PctBach,PctFB,PctBlack,PctRural,-0.27217663232661216,0.18343509781025813,0.09160901376893062,-0.40642427445337986,-0.27217663232661216,0.0,0.0,-0.40642427445337986,-0.25309715502427593,0.2565720287633889,-0.03313005756572372,-0.32382086645970765,-0.25309715502427593,0.2565720287633889,0.0,-0.32382086645970765,-0.5739775900613739,-0.5726486498340415,-0.4269164307461008,-0.42464546294164174,-0.23693965233813147,-0.2475545923187969,-0.045527254667371495,-0.06801150227412767,-0.01534918690509092,4,HL,-0.1235337332100485,4,NS,0.026267030250270485,3,NS,0.00934472662873561,3,NS,NS,NS,NS,HL,NS,NS,LL,NS,NS,LL,NS,NS
1,PctBach,PctFB,PctBlack,PctRural,-0.29157372197008935,0.1383502053501044,0.0983080965126354,-0.3718326990325584,-0.29157372197008935,0.0,0.0,-0.3718326990325584,-0.22737577880001766,0.15176449107835627,-0.023112275564563172,-0.30721401196131837,-0.22737577880001766,0.0,0.0,-0.30721401196131837,-0.3362634068972537,-0.3349344666699213,0.12079507400346892,0.123066041807928,0.2785691275897119,0.2679541876090465,-0.36388045350226106,-0.3863647011090172,0.05572996175796282,3,NS,0.18300102817814096,1,NS,-0.051650279478757916,2,NS,0.14429229798447624,3,NS,NS,NS,NS,NS,NS,NS,NS,NS,NS,NS,NS,NS
1,PctBach,PctFB,PctBlack,PctRural,0.17330801914725755,0.690534993173786,-0.16958005993848882,-0.28240648006691216,0.17330801914725755,0.690534993173786,0.0,-0.28240648006691216,0.17450951474832613,0.6745531559490926,-0.14406405920119938,-0.3149927980339024,0.0,0.6745531559490926,0.0,-0.3149927980339024,-0.43971309771867634,-0.43838415749134396,-0.30824560471702744,-0.3059746369125684,0.9632450064443385,0.9526300664636731,0.34223434507628764,0.3197500974695315,-0.9965873329986417,4,NS,-0.5862847136989655,4,NS,-0.9094334111724949,2,LH,-0.49827457834643757,2,NS,NS,HH,NS,NS,HH,NS,NS,NS,NS,NS,NS,LH
1,PctBach,PctFB,PctBlack,PctRural,-0.2896110498330967,0.1396292072109247,0.097908657999143,-0.388867115073579,-0.2896110498330967,0.0,0.0,-0.388867115073579,-0.24670506160853775,0.1623078541669522,-0.022253256460765175,-0.3153311989083389,-0.24670506160853775,0.0,0.0,-0.3153311989083389,-0.23281371607583096,-0.23148477584849855,0.3845080207347433,0.3867789885392024,0.004366934403911085,-0.006248005576754349,-0.037660969231044256,-0.06014521683780042,0.18116469391173956,3,NS,0.2352770972542896,1,NS,0.0006378442958576525,1,NS,0.011332059534458355,3,NS,NS,NS,NS,NS,NS,NS,NS,NS,NS,NS,NS,NS
1,PctBach,PctFB,PctBlack,PctRural,0.12802201694960402,0.6610427979987867,-0.08152199693330743,-0.2650990284110891,0.0,0.6610427979987867,0.0,-0.2650990284110891,0.1328643262166458,0.6414727773409588,-0.0626144307545282,-0.2895273270692998,0.0,0.6414727773409588,0.0,-0.2895273270692998,0.26902733727064504,0.2703562774979774,0.2729371586561272,0.2752081264605863,-0.4258729709262957,-0.43648791090696115,-0.3777621336840149,-0.40024638129077106,0.11075626092844906,1,NS,-0.07287389299162184,2,NS,0.11730676574931242,3,NS,-0.08226594417859819,4,NS,NS,NS,NS,NS,NS,NS,NS,NS,NS,NS,NS,NS
1,PctBach,PctFB,PctBlack,PctRural,0.1295989245491857,0.5295087564958699,-0.14211903762457445,-0.28010865968095044,0.0,0.5295087564958699,0.0,-0.28010865968095044,0.06633050602763277,0.48509877277148256,-0.10085179650428251,-0.2815542257185432,0.0,0.48509877277148256,0.0,-0.2815542257185432,0.2140009059826542,0.2153298462099866,-0.08307531943109311,-0.08080435162663403,0.6303934096647318,0.6197784696840664,-0.4328261317383055,-0.45531037934506163,-0.19648166057832547,2,NS,0.008114078996364621,3,NS,0.11810626456128555,1,NS,-0.4747813748889855,4,NS,NS,LH,NS,NS,LH,NS,NS,NS,NS,NS,NS,HH
1,PctBach,PctFB,PctBlack,PctRural,-0.20646268193461845,0.22767101471775256,0.048746402361152213,-0.34199969384694856,-0.20646268193461845,0.22767101471775256,0.0,-0.34199969384694856,-0.1296061747653405,0.24149337422658135,-0.04606919531681342,-0.29485623546779194,0.0,0.24149337422658135,0.0,-0.29485623546779194,-0.14477142601504578,-0.14344248578771338,-0.3538882301128249,-0.3516172623083658,0.648500421106362,0.6378854811256965,-0.12742916773971955,-0.1499134153464757,0.023993410730919876,3,NS,0.23716151455527318,3,NS,0.49340474223086966,1,HH,0.10209275965601801,3,NS,NS,LH,NS,NS,LH,NS,NS,NS,NS,NS,NS,LH
1,PctBach,PctFB,PctBlack,PctRural,0.11241428635029731,0.7207070350153139,-0.032720044734621624,-0.2592074505601158,0.0,0.7207070350153139,0.0,-0.2592074505601158,0.09117406800204311,0.7018548855989523,-0.030028068094944977,-0.2972394641916207,0.0,0.7018548855989523,0.0,-0.2972394641916207,-0.34726869315485187,-0.3459397529275195,-0.2565172959351236,-0.25424632813066456,-1.262618890095489,-1.2732338300761545,-0.21118197150296797,-0.23366621910972413,0.17908205995919338,3,NS,0.07883157549148773,3,NS,1.9581748478451129,3,LL,-0.20446337716745305,4,NS,NS,LL,NS,NS,LL,NS,NS,NS,NS,NS,NS,HL
1,PctBach,PctFB,PctBlack,PctRural,0.1426051710255052,0.7235223551512832,-0.06246210107777481,-0.28251192245585866,0.0,0.7235223551512832,0.0,-0.28251192245585866,0.17632528880951942,0.7186844285305126,-0.05978372797734154,-0.3020604701912469,0.0,0.7186844285305126,0.0,-0.3020604701912469,0.3130484823010376,0.31437742252837,0.17860906617147906,0.18088003397593813,-1.4648258744416611,-1.4754408144223266,0.6929781310019363,0.6704938833951801,-0.12856933632741274,2,NS,-0.07793182210164731,2,NS,2.2768146754863614,3,LL,0.7601507526445425,1,HH,NS,LL,LH,NS,LL,LH,NS,NS,LH,NS,NS,HL
1,PctBach,PctFB,PctBlack,PctRural,-0.25735951493565246,0.1325116232039711,0.06867430121969989,-0.369703177490973,-0.25735951493565246,0.0,0.0,-0.369703177490973,-0.20013453925784136,0.11913679443360665,-0.018822956941863915,-0.29254825795561323,0.0,0.0,0.0,-0.29254825795561323,-0.3032475481244592,-0.3019186078971268,-0.046561219114455085,-0.044290251309996004,0.8156476143743179,0.8050326743936524,0.12753102493182725,0.10504677732507109,-0.03994621295524374,4,NS,-0.015350249467836592,4,NS,0.564913171143985,1,HH,-0.057138572037741114,2,NS,NS,HH,NS,NS,HH,NS,NS,NS,NS,NS,NS,LH
1,PctBach,PctFB,PctBlack,PctRural,0.1523679608870085,0.7043972345959583,-0.08734370965893026,-0.28070463463066364,0.0,0.7043972345959583,0.0,-0.28070463463066364,0.2160626330102168,0.7052741898544809,-0.07494461840462034,-0.2968016482177502,0.2160626330102168,0.7052741898544809,0.0,-0.2968016482177502,1.5192278561337955,1.520556796361128,1.3085176148585544,1.3107885826630135,-0.5155423542806631,-0.5261572942613285,-1.2078866085528983,-1.2303708561596545,5.78255767647271,1,HH,5.865080565531571,1,HH,-0.43866305419336776,4,NS,3.0071593268373045,3,LL,HH,NS,HL,HH,NS,HL,HH,HH,HL,LH,LH,NS
1,PctBach,PctFB,PctBlack,PctRural,-0.20069901106897856,0.3042694151464893,0.05590838936716395,-0.34583090544100314,-0.20069901106897856,0.3042694151464893,0.0,-0.34583090544100314,-0.11529979530136839,0.36612463841921156,-0.0703465004608917,-0.30752443434765264,0.0,0.36612463841921156,0.0,-0.30752443434765264,-0.1359671970089672,-0.1346382567816348,-0.3143312881031337,-0.31206032029867464,0.13270308322725755,0.12208814324659212,-0.24819978532097842,-0.2706840329277346,0.07011655875465181,3,NS,0.20051398041696375,3,NS,0.00187913156828251,1,NS,-0.004748763226539545,4,NS,NS,NS,NS,NS,NS,NS,NS,NS,NS,NS,NS,NS
1,PctBach,PctFB,PctBlack,PctRural,-0.12170151343191479,0.2939423509179162,-0.0015121666372800106,-0.32401037500377716,0.0,0.2939423509179162,0.0,-0.32401037500377716,-0.06908067757987144,0.2870701413090636,-0.06097811471150451,-0.2880713343661716,0.0,0.2870701413090636,0.0,-0.2880713343661716,0.1303607304249082,0.1316896706522406,-0.12263226144078429,-0.12036129363632521,0.681035330111044,0.6704203901303786,-0.29308388457531614,-0.3155681321820723,-0.03301015535682993,2,NS,0.062406962199916746,3,NS,0.8431081611212691,1,HH,-0.026091593732622532,4,NS,NS,LH,NS,NS,LH,NS,NS,NS,NS,NS,NS,HH
1,PctBach,PctFB,PctBlack,PctRural,-0.2257380379404474,0.1681667970296553,0.05075962775205898,-0.3558015292482839,-0.2257380379404474,0.0,0.0,-0.3558015292482839,-0.15958690221337102,0.16264945510693443,-0.03218653689402417,-0.2886155261398556,0.0,0.0,0.0,-0.2886155261398556,-0.20199891455455618,-0.20066997432722378,-0.5344301705673127,-0.5321592027628536,1.1099045851727607,1.0992896451920953,-0.031182851812892407,-0.053667099419648576,-0.21393843498237908,4,NS,0.0823630833812932,3,LL,1.448512004889062,1,HH,0.06902999404981773,3,NS,HL,HH,NS,NS,LH,NS,NS,HL,NS,NS,LL,LH
1,PctBach,PctFB,PctBlack,PctRural,0.12608445750448502,0.6941243302395622,-0.0653252815143512,-0.2665704301870275,0.0,0.6941243302395622,0.0,-0.2665704301870275,0.1437519801714699,0.683411411452488,-0.0557002371360317,-0.2931818291188841,0.0,0.683411411452488,0.0,-0.2931818291188841,1.2749105012151165,1.276239441442449,0.9413480505634729,0.943619018367932,-0.5913609559745008,-0.6019758959551662,-0.8654718307363022,-0.8879560783430583,0.23486554844529503,1,HH,0.1585367796262908,1,HH,0.670239962597919,3,LL,1.3842417554375284,3,LL,HH,HL,HL,HH,HL,HL,LH,LH,LL,LH,LH,NS
1,PctBach,PctFB,PctBlack,PctRural,-0.19058170438757868,0.16006359778500936,0.022923393331896323,-0.3672042602815869,-0.19058170438757868,0.0,0.0,-0.3672042602815869,-0.1523707960317248,0.14408775415059213,-0.028727031913356026,-0.2792130718044152,0.0,0.0,0.0,-0.2792130718044152,-0.3494697504063715,-0.34814081017903914,0.10760942666690532,0.1098803944713644,1.1539818122278842,1.1433668722472188,0.5527731611662218,0.5302889135594656,0.09460821776952237,3,NS,-0.07732153136913923,2,NS,1.1049898497962294,1,HH,-0.3533981786612583,2,NS,NS,LH,LH,NS,LH,NS,NS,NS,HH,NS,NS,LH
1,PctBach,PctFB,PctBlack,PctRural,-0.28672232562979466,0.12913596115880985,0.09627730250985878,-0.42376982305590755,-0.28672232562979466,0.0,0.0,-0.42376982305590755,-0.2590518569756778,0.1680266564096123,-0.013801630407655991,-0.32889682350841826,-0.2590518569756778,0.0,0.0,-0.32889682350841826,-0.4243056969580389,-0.4229767567307065,0.04878115393454403,0.051052121739003115,0.01713562374721199,0.006520683766546555,-0.03349646517651805,-0.05598071278327422,0.463813582729658,3,NS,0.019622109906349338,1,NS,-0.01563785622808718,2,NS,-0.03674338637216065,4,NS,NS,NS,NS,NS,NS,NS,NS,NS,NS,NS,NS,NS
1,PctBach,PctFB,PctBlack,PctRural,-0.10387762008387935,0.34497630218847963,-0.04868725968621384,-0.41987077181617094,0.0,0.34497630218847963,0.0,-0.41987077181617094,-0.07911075451070819,0.36872875934585064,-0.08974823359402527,-0.3425814897037384,0.0,0.36872875934585064,0.0,-0.3425814897037384,0.24041359300088988,0.24174253322822228,0.07312388747896931,0.07539485528342839,0.3595817724062482,0.3489668324255828,-0.4369906357928316,-0.45947488339958775,-0.14080499246592434,2,NS,-0.026009737081219023,2,NS,-0.27556705729035935,2,NS,-0.30413533447603475,4,NS,NS,NS,NS,NS,NS,NS,NS,NS,NS,NS,NS,NS
1,PctBach,PctFB,PctBlack,PctRural,0.1898525116977683,0.7054628899855058,-0.12514511483120908,-0.31972598980800626,0.1898525116977683,0.7054628899855058,0.0,-0.31972598980800626,0.25724350384373934,0.7098161983272175,-0.10497748670940023,-0.3081730916561392,0.25724350384373934,0.7098161983272175,0.0,-0.3081730916561392,0.3350590548162339,0.33638799504356626,-0.09321812507460368,-0.0909471572701446,0.11495676922470369,0.10434182924403826,0.3551905799125913,0.33270633230583513,-0.1727857043471387,2,NS,0.021882577400789704,3,NS,0.01712047581584859,1,NS,-0.0023501797368640533,2,NS,NS,NS,NS,NS,NS,NS,NS,NS,NS,NS,NS,NS
1,PctBach,PctFB,PctBlack,PctRural,-0.045119624810044674,0.4607392407760649,-0.07191116833475493,-0.34985833817870143,0.0,0.4607392407760649,0.0,-0.34985833817870143,-0.04280278278647279,0.43620621063227805,-0.11021027308726367,-0.324562451878173,0.0,0.43620621063227805,0.0,-0.324562451878173,-0.24602005958494877,-0.24469111935761637,-0.3609881940632823,-0.35871722625882324,0.38822114906890626,0.37760620908824083,-0.02192839835838986,-0.044412645965146026,0.0795167516402549,3,NS,0.2099016560917036,3,NS,0.115481282174652,1,NS,0.004823582271641428,3,NS,NS,NS,NS,NS,NS,NS,NS,NS,NS,NS,NS,NS
1,PctBach,PctFB,PctBlack,PctRural,-0.15483906144119697,0.30132699105255895,-0.009301076869900638,-0.4224926097929098,0.0,0.30132699105255895,0.0,-0.4224926097929098,-0.12246897415589253,0.33756493402444177,-0.07654176524025617,-0.33589253487268333,0.0,0.33756493402444177,0.0,-0.33589253487268333,-0.04132173519362303,-0.039992794966290636,0.30742269784406306,0.30969366564852213,-0.14359115510518586,-0.15420609508585129,-0.13205639446697082,-0.15454064207372697,0.0169708794966536,3,NS,-0.1614035462085846,2,NS,-0.05341818372292336,4,NS,-0.14485704981837583,4,NS,NS,NS,NS,NS,NS,NS,NS,NS,NS,NS,NS,NS
1,PctBach,PctFB,PctBlack,PctRural,0.13346173991629456,0.7286990758702809,-0.04839864418330561,-0.2761815936802778,0.0,0.7286990758702809,0.0,-0.2761815936802778,0.14412124811084703,0.7170435846057488,-0.047680720795886304,-0.3027393147369598,0.0,0.7170435846057488,0.0,-0.3027393147369598,-0.21300420081215432,-0.21167526058482192,-0.3173741297961869,-0.31510316199172783,-1.5348011776224626,-1.545416117603128,0.9539537184189096,0.9314694708121535,0.11729773714646038,3,NS,0.14103771516646357,3,NS,2.4084638716794227,3,LL,1.0464235516288867,1,HH,NS,LL,LH,NS,LL,LH,NS,NS,LH,NS,NS,HL
1,PctBach,PctFB,PctBlack,PctRural,0.144071236155613,0.6759473485192408,-0.0949975931482644,-0.2696504181582763,0.0,0.6759473485192408,0.0,-0.2696504181582763,0.17149822917716973,0.6676287839570002,-0.07299817152008364,-0.29159030992344875,0.0,0.6676287839570002,0.0,-0.29159030992344875,0.4803288334165297,0.4816577736438621,0.4392791712097002,0.4415501390141593,-0.08082980070591023,-0.09144474068657565,-0.6392004437737133,-0.6616846913804695,1.248329293943442,1,NS,0.6088231698497693,1,NS,0.10320002284272493,3,NS,0.3827884650342431,3,LL,NS,NS,HL,NS,NS,HL,NS,NS,LL,NS,NS,NS
1,PctBach,PctFB,PctBlack,PctRural,0.11349607641700223,0.7113876441688523,-0.040981983748706034,-0.26013311255872074,0.0,0.7113876441688523,0.0,-0.26013311255872074,0.1023308435503067,0.6934548467178735,-0.03698546999585511,-0.2950573337071654,0.0,0.6934548467178735,0.0,-0.2950573337071654,-0.46612578473691196,-0.4647968445095796,-0.22406031787588984,-0.22178935007143077,-1.1906236812558602,-1.2012386212365256,0.06321257342303419,0.04072832581627802,-0.22452455201681534,4,NS,0.007431108887115343,3,NS,0.9445315395605623,3,LL,-0.07924505728159692,2,NS,NS,HL,NS,NS,LL,NS,NS,NS,NS,NS,NS,LL
1,PctBach,PctFB,PctBlack,PctRural,0.14451605380886698,0.7188291958703698,-0.06879530315673997,-0.2829417831939537,0.0,0.7188291958703698,0.0,-0.2829417831939537,0.18906881936832176,0.7188278826833948,-0.06409024102164647,-0.30109622304362643,0.18906881936832176,0.7188278826833948,0.0,-0.30109622304362643,1.0217889172903591,1.0231178575176916,1.1492755662554388,1.1515465340598978,-1.0599790688224255,-1.070594008803091,-0.292621161902591,-0.3151054095093472,0.8318780770319099,1,HH,0.036018330405307906,1,HH,1.6651800049380332,3,LL,-0.2531722491739385,4,NS,HH,HL,NS,HH,HL,NS,LH,LH,NS,HH,HH,HL
1,PctBach,PctFB,PctBlack,PctRural,0.16928575146277078,0.717633948941773,-0.09362274949273738,-0.3078638339587589,0.16928575146277078,0.717633948941773,0.0,-0.3078638339587589,0.2364223525579036,0.7132928433619644,-0.08364672204941952,-0.30673008688830206,0.2364223525579036,0.7132928433619644,0.0,-0.30673008688830206,0.3790801998466265,0.3804091400739589,0.2394659000325424,0.24173686783700146,-0.7494907132655492,-0.7601056532462146,0.14326359580448164,0.12077934819772548,-0.09599130235652859,2,NS,-0.13344821863467013,2,NS,0.7523220340387738,3,LL,0.0896952288415632,1,NS,NS,LL,NS,NS,LL,NS,NS,NS,NS,NS,NS,HL
1,PctBach,PctFB,PctBlack,PctRural,0.1389996049373449,0.7008475226586991,-0.07599473050236012,-0.2730036110021165,0.0,0.7008475226586991,0.0,-0.2730036110021165,0.17877224963688457,0.6978616359441465,-0.0651780099087474,-0.2949007795662696,0.0,0.6978616359441465,0.0,-0.2949007795662696,1.8912065316406135,1.892535471867946,1.8156578970340824,1.8179288648385414,-0.8181675056656762,-0.8287824456463416,-1.3957520136793016,-1.4182362612860577,6.834391009536227,1,HH,4.390352744904515,1,HH,-1.056980594527535,4,HL,3.387587141987441,3,LL,HH,HL,HL,HH,HL,HL,HH,HH,HL,LH,LH,LL
1,PctBach,PctFB,PctBlack,PctRural,0.13245736566614738,0.7265387761079757,-0.04942924435930334,-0.2749705159621245,0.0,0.7265387761079757,0.0,-0.2749705159621245,0.1443679013342715,0.7137212418769241,-0.04807397700669888,-0.3017344886494274,0.0,0.7137212418769241,0.0,-0.3017344886494274,-0.3142528343820574,-0.31292389415472505,-0.23826024577680463,-0.23598927797234556,-1.4985871547392025,-1.5092020947198679,0.7212042140381691,0.698719966431413,0.1290639649760588,3,NS,0.130855195607236,3,NS,2.331868916355295,3,LL,0.7911128816127072,1,HH,NS,LL,LH,NS,LL,LH,NS,NS,LH,NS,NS,HL
1,PctBach,PctFB,PctBlack,PctRural,0.17387801992491284,0.7209251294456865,-0.1672967378350201,-0.2518451413552584,0.17387801992491284,0.7209251294456865,0.0,-0.2518451413552584,0.1542978628801298,0.6747050592288352,-0.1456541731422836,-0.308554162855754,0.0,0.6747050592288352,0.0,-0.308554162855754,-0.07433759396641754,-0.07300865373908513,-0.019175643876976664,-0.016904676072517586,1.2922732103697367,1.2816582703890713,0.05580901065943204,0.03332476305267588,0.07345487710008004,3,NS,0.010995330211887156,3,NS,-1.089646724394287,2,LH,0.06121875937957416,1,NS,NS,LH,NS,NS,LH,NS,NS,NS,NS,NS,NS,HH
1,PctBach,PctFB,PctBlack,PctRural,-0.2275241014076402,0.1964780903368954,0.04820579253937099,-0.46362231663334696,-0.2275241014076402,0.0,0.0,-0.46362231663334696,-0.19021813488135259,0.2756973234934718,-0.036045760517273484,-0.3446133886949694,0.0,0.0,0.0,-0.3446133886949694,-0.41109935344892123,-0.40977041322158886,0.1197807934391179,0.12205176124357699,-0.23044709843475808,-0.2410620384154235,0.24459986113128518,0.22211561352452902,-0.6440037995215987,4,NS,0.02307029112218406,1,NS,0.024093527806977596,3,NS,-0.4487994181254069,2,NS,NS,NS,NS,NS,NS,NS,NS,NS,NS,NS,NS,NS
1,PctBach,PctFB,PctBlack,PctRural,0.12280108664765872,0.7199708059333818,-0.045183058853803866,-0.26756677361804554,0.0,0.7199708059333818,0.0,-0.26756677361804554,0.1229139698017324,0.7083131971276712,-0.0426208922342989,-0.2985286615178592,0.0,0.7083131971276712,0.0,-0.2985286615178592,-0.12055979624832983,-0.11923085602099742,-0.17841769248009234,-0.17614672467563328,-1.2980393786127813,-1.3086543185934467,0.2038802659314738,0.18139601832471763,0.03685690906587236,3,NS,0.07065522276243405,3,NS,1.757776050210342,3,LL,0.07139842101890123,1,NS,NS,LL,NS,NS,LL,NS,NS,NS,NS,NS,NS,HL
1,PctBach,PctFB,PctBlack,PctRural,-0.2791242179690307,0.12682664215802955,0.08475635445232531,-0.3715809130234208,-0.2791242179690307,0.0,0.0,-0.3715809130234208,-0.21936768109154622,0.12295293049584556,-0.018649309722039664,-0.30019644467275686,-0.21936768109154622,0.0,0.0,-0.30019644467275686,-0.2240094870697525,-0.22268054684242009,0.4839075160411468,0.48617848384560586,0.6037017991730859,0.5930868591924204,0.010924911405094467,-0.011559336201661698,0.12727781206072075,3,NS,-0.15261381657391287,2,NS,0.14218753697464703,1,HH,-0.005939629986746596,2,NS,NS,NS,NS,NS,LH,NS,NS,NS,NS,NS,NS,LH
1,PctBach,PctFB,PctBlack,PctRural,0.20524370759000563,0.7186679667347254,-0.15216818472967628,-0.2887286647749184,0.20524370759000563,0.7186679667347254,0.0,-0.2887286647749184,0.25028804505509217,0.7181813835021846,-0.12786144717674966,-0.3030526254939887,0.25028804505509217,0.7181813835021846,0.0,-0.3030526254939887,0.806085306641435,0.8074142468687674,0.11978079343911788,0.12205176124357696,0.6756970080127148,0.6650820680320494,0.23349451698588203,0.21101026937912587,-0.30285077269966787,2,LH,-0.060955863983969745,2,NS,0.8717621921832214,1,HH,0.04741288586746583,1,NS,NS,LH,NS,LH,LH,NS,HH,NS,NS,HH,NS,HH
1,PctBach,PctFB,PctBlack,PctRural,0.1517148257420795,0.7142167979296292,-0.07961034052592081,-0.2854330020958092,0.0,0.7142167979296292,0.0,-0.2854330020958092,0.2154293241769236,0.7188410487705436,-0.07204700460104159,-0.30006656489638056,0.2154293241769236,0.7188410487705436,0.0,-0.30006656489638056,1.1758629248967334,1.1771918651240658,1.1908610693938322,1.1931320371982912,-0.5128731932314986,-0.523488133212164,-0.5411032371559859,-0.563587484762742,3.8378033929508892,1,HH,3.7629615271937373,1,HH,0.6554027480089422,3,NS,1.1261930403527174,3,LL,HH,NS,NS,HH,NS,NS,LH,LH,NS,LH,LH,NS
1,PctBach,PctFB,PctBlack,PctRural,0.15619519974177878,0.7249785067737151,-0.07416205365744642,-0.2973904648505461,0.0,0.7249785067737151,0.0,-0.2973904648505461,0.20158832301068808,0.7159230767397994,-0.06969693389736066,-0.3059168069556251,0.20158832301068808,0.7159230767397994,0.0,-0.3059168069556251,0.09954592890363337,0.10087486913096577,0.18773759125063857,0.19000855905509764,-1.3066239776627973,-1.3172389176434627,0.6939035763473864,0.6714193287406303,0.018338470947697756,1,NS,0.27079308602180696,1,NS,1.6465108596639502,3,LL,0.46762563018676157,1,HH,NS,HL,HH,NS,HL,HH,NS,NS,LH,NS,NS,HL
1,PctBach,PctFB,PctBlack,PctRural,0.1539619536470203,0.722592392787074,-0.07494647896063428,-0.2916209621940753,0.0,0.722592392787074,0.0,-0.2916209621940753,0.20352446861056958,0.7175258840226568,-0.07003255659974743,-0.30330003955010965,0.20352446861056958,0.7175258840226568,0.0,-0.30330003955010965,0.3416622265707928,0.3429911667981252,0.16035201601316007,0.16262298381761914,-1.3362733071548687,-1.3468882471355341,0.31030648065825356,0.2878222330514974,0.2662038847458916,1,NS,0.4485080499329578,1,NS,1.4493744373240876,3,LL,0.1246491198098077,1,NS,NS,HL,NS,NS,HL,NS,NS,NS,NS,NS,NS,HL
1,PctBach,PctFB,PctBlack,PctRural,0.20241748964123785,0.7411107965755562,-0.1686350671874397,-0.24868451717952308,0.20241748964123785,0.7411107965755562,0.0,-0.24868451717952308,0.19347593905315236,0.6995877133859871,-0.1424104831731239,-0.3019323171244976,0.0,0.6995877133859871,0.0,-0.3019323171244976,-0.40669723894588183,-0.40536829871854946,-0.32041697148924003,-0.31814600368478096,0.9265981466341868,0.9159832066535214,0.2612578773493899,0.23877362974263372,0.29512386591945555,3,NS,0.22248120630549023,3,NS,2.7763557263756824,1,HH,0.28658245219703676,1,NS,NS,LH,NS,NS,LH,NS,NS,NS,NS,NS,NS,HH
1,PctBach,PctFB,PctBlack,PctRural,0.11125334308335492,0.6909838404402325,-0.048777039551289716,-0.25912539359137227,0.0,0.6909838404402325,0.0,-0.25912539359137227,0.10361045559953028,0.6716766503061024,-0.042470680160910095,-0.29187950159650716,0.0,0.6716766503061024,0.0,-0.29187950159650716,0.269027337270645,0.27035627749797736,0.11470939061736266,0.11698035842182174,-0.9509763027335686,-0.961591242714234,-0.4115408887929494,-0.4340251363997056,-0.16227080089516932,2,NS,-0.040801456180274025,2,NS,1.1410859322418923,3,LL,0.03602779840935879,3,NS,NS,LL,NS,NS,LL,NS,NS,NS,NS,NS,NS,LL
1,PctBach,PctFB,PctBlack,PctRural,0.1112936758848499,0.492630321549727,-0.10679333113597875,-0.29876027059874677,0.0,0.492630321549727,0.0,-0.29876027059874677,0.0507268358363622,0.4775215386766846,-0.06926295837812653,-0.2800724621325639,0.0,0.4775215386766846,0.0,-0.2800724621325639,-0.010506933672348166,-0.009177993445015768,0.46159334362542354,0.4638643114298826,0.5473608591893684,0.536745919208703,-0.25467790273913027,-0.2771621503458864,-0.00487715693644308,4,NS,-0.007865199515429293,2,NS,-0.0597384829749745,2,NS,-0.24001769013440083,4,NS,NS,NS,NS,NS,NS,NS,NS,NS,NS,NS,NS,NS
1,PctBach,PctFB,PctBlack,PctRural,0.17690495007219703,0.7114429562330358,-0.10650316028784122,-0.31520883300247887,0.17690495007219703,0.7114429562330358,0.0,-0.31520883300247887,0.2469750304899033,0.7093748721742745,-0.09283931756924547,-0.30825189796989816,0.2469750304899033,0.7093748721742745,0.0,-0.30825189796989816,0.40549288686486207,0.40682182709219444,0.01835273700401237,0.02062370480847145,-0.6860079639881209,-0.6966229039687863,0.2584815413130391,0.23599729370628292,-0.13106035837532917,2,NS,-0.012003294730010742,2,NS,0.27472570002788377,3,LL,0.03442103501268202,1,NS,NS,LL,NS,NS,LL,NS,NS,NS,NS,NS,NS,HL
1,PctBach,PctFB,PctBlack,PctRural,0.11268474763956639,0.6423474068566141,-0.06783996677189047,-0.26169479559681297,0.0,0.6423474068566141,0.0,-0.26169479559681297,0.0965457358153543,0.611337446156837,-0.052399075506581114,-0.28727417744474176,0.0,0.611337446156837,0.0,-0.28727417744474176,0.3724770280920677,0.37380596831940005,-0.0110613993621682,-0.00879043155770912,-0.4452784931486005,-0.45589343312926595,-0.21442103021204403,-0.2369052778188002,-0.341984089603532,2,NS,0.006966948451367117,3,NS,0.357839583298285,3,NS,-0.2352055572992505,4,NS,NS,NS,NS,NS,NS,NS,NS,NS,NS,NS,NS,NS
1,PctBach,PctFB,PctBlack,PctRural,0.17041468541149488,0.6849073832427536,-0.11951863408619877,-0.2753060703047635,0.17041468541149488,0.6849073832427536,0.0,-0.2753060703047635,0.20953615667892836,0.683706306498652,-0.09125118979224792,-0.2935372244075111,0.20953615667892836,0.683706306498652,0.0,-0.2935372244075111,0.913937111965897,0.9152660521932294,0.9474337339495791,0.9497047017540382,-0.1370264617139973,-0.14764140169466272,-0.8090196646638361,-0.8315039122705923,-0.039526924821740785,2,LH,-0.11545521216858289,2,LH,0.1347937033657932,3,NS,-0.17320569931023624,4,HL,LH,NS,LL,LH,NS,LL,LH,LH,LL,HH,HH,NS
1,PctBach,PctFB,PctBlack,PctRural,-0.0376466487311716,0.3960969271669175,-0.04819460255047005,-0.30852118161415293,0.0,0.3960969271669175,0.0,-0.30852118161415293,-0.02202111744479612,0.3490040785354702,-0.08305144099344476,-0.28854690907695674,0.0,0.3490040785354702,0.0,-0.28854690907695674,-0.09414710923009423,-0.09281816900276182,-0.12770366426253954,-0.12543269645808047,0.7875853536141819,0.7769704136335165,-0.1454753519759996,-0.16795959958275575,-0.08323825774132027,4,NS,-0.11521001571499108,4,NS,-0.2526223689038199,2,LH,0.2637119054181846,3,NS,NS,HH,NS,NS,HH,NS,NS,NS,NS,NS,NS,LH
1,PctBach,PctFB,PctBlack,PctRural,-0.2768045896474202,0.18733715870093895,0.09725403468162075,-0.3752739954729061,-0.2768045896474202,0.0,0.0,-0.3752739954729061,-0.22984564911895566,0.2476602614665083,-0.03512266106251019,-0.31374204493465446,-0.22984564911895566,0.2476602614665083,0.0,-0.31374204493465446,-0.38688772368220525,-0.3855587834548729,-0.12263226144078429,-0.12036129363632521,0.06979744985235135,0.05918250987168592,-0.07143972433997878,-0.09392397194673494,0.1792041403862791,3,NS,0.0970153074557749,3,NS,0.012436334195805377,1,NS,0.01781689973747281,3,NS,NS,NS,NS,NS,NS,NS,NS,NS,NS,NS,NS,NS
1,PctBach,PctFB,PctBlack,PctRural,0.1687231704426956,0.7191945872844621,-0.09200471547108738,-0.30129356878116975,0.1687231704426956,0.7191945872844621,0.0,-0.30129356878116975,0.2371898577222647,0.7196559676822296,-0.08193712669205107,-0.3037739706274127,0.2371898577222647,0.7196559676822296,0.0,-0.3037739706274127,0.8346990509111903,0.8360279911385228,0.4220364016157323,0.42430736942019137,-0.905744843873401,-0.9163597838540665,0.21035838334962553,0.18787413574286937,-0.2843904681182008,2,LH,-0.17393664951706533,2,NS,0.9252688379897752,3,LL,0.06051238811417567,1,NS,NS,LL,NS,LH,LL,NS,LH,NS,NS,HH,NS,HL
1,PctBach,PctFB,PctBlack,PctRural,0.19988326372847756,0.7007623706316735,-0.15087661145013423,-0.27317998331157095,0.19988326372847756,0.7007623706316735,0.0,-0.27317998331157095,0.23730121465892767,0.7068124100027448,-0.11800440695356648,-0.2963938097562075,0.23730121465892767,0.7068124100027448,0.0,-0.2963938097562075,0.1215565014188297,0.12288544164616211,-0.043518377421401966,-0.041247409616942884,-0.13082246576188494,-0.14143740574255037,0.090975933786542,0.06849168617978582,-0.003130244158382731,2,NS,0.004952294645140557,3,NS,-0.05557031843303481,4,NS,0.09979452661859935,1,NS,NS,NS,NS,NS,NS,NS,NS,NS,NS,NS,NS,NS
1,PctBach,PctFB,PctBlack,PctRural,-0.23894638357966577,0.2361781214723434,0.06642462828458659,-0.4078345560340384,-0.23894638357966577,0.0,0.0,-0.4078345560340384,-0.2075625136537187,0.3019391133525113,-0.04836022828276392,-0.3256689162820377,-0.2075625136537187,0.3019391133525113,0.0,-0.3256689162820377,-0.33846446414877335,-0.33713552392144097,-0.36403103575633544,-0.3617600679518764,-0.07224520165589432,-0.08286014163655975,-0.026092902412916064,-0.04857715001967223,0.1567747685861072,3,NS,0.14415999650187925,3,NS,0.04985501823161206,3,NS,0.0048758021890852885,3,NS,NS,NS,NS,NS,NS,NS,NS,NS,NS,NS,NS,NS
1,PctBach,PctFB,PctBlack,PctRural,0.12784800597635446,0.6750910665083997,-0.1545443359767804,-0.26445474691102633,0.0,0.6750910665083997,0.0,-0.26445474691102633,0.10306823886646621,0.6199542912583424,-0.13987453899554936,-0.31348652529403287,0.0,0.6199542912583424,0.0,-0.31348652529403287,-0.40449618169436224,-0.40316724146702987,-0.3833023664790055,-0.38103139867454644,0.804826691202029,0.7942117512213636,0.03498649038680117,0.012502242780045004,0.3359931955632471,3,NS,0.22596719314192276,3,NS,1.316679980602898,1,HH,0.03837784456699348,1,NS,NS,LH,NS,NS,LH,NS,NS,NS,NS,NS,NS,HH
1,PctBach,PctFB,PctBlack,PctRural,0.007847517716841708,0.5109702315194047,-0.10739752324336627,-0.34000298166612536,0.0,0.5109702315194047,0.0,-0.34000298166612536,0.000937910518649487,0.4721134121143503,-0.12101702474425605,-0.32826751564649276,0.0,0.4721134121143503,0.0,-0.32826751564649276,-0.0457238496966623,-0.044394909469329905,-0.1804462536087945,-0.17817528580433542,0.7140030760426175,0.703388136061952,-0.09457585797623523,-0.1170601055829914,0.025979397678689828,3,NS,0.13402253507005812,3,NS,0.57804678009478,1,HH,0.056985135018936456,3,NS,NS,LH,NS,NS,LH,NS,NS,NS,NS,NS,NS,LH
1,PctBach,PctFB,PctBlack,PctRural,0.013242557891493853,0.5563167858623164,-0.09093423267874375,-0.3034931302213709,0.0,0.5563167858623164,0.0,-0.3034931302213709,-0.0012714809158975127,0.49954709334523084,-0.12066144592653223,-0.31453203485725745,0.0,0.49954709334523084,0.0,-0.31453203485725745,-0.4397130977186764,-0.438384157491344,-0.5344301705673128,-0.5321592027628537,0.5091990701350961,0.4985841301544307,0.3454734037853635,0.32298915617860735,0.4652676478165544,3,NS,0.36246261176091304,3,LL,0.18972213683347064,1,NS,0.3789612632168074,1,NS,LL,NS,NS,NS,NS,NS,NS,HL,NS,NS,HL,NS
1,PctBach,PctFB,PctBlack,PctRural,0.19044667710126498,0.6780123919396073,-0.17044938620421266,-0.2511279315968036,0.19044667710126498,0.6780123919396073,0.0,-0.2511279315968036,0.1692545680842275,0.6478402639356873,-0.13118093024143182,-0.291652169795344,0.0,0.6478402639356873,0.0,-0.291652169795344,-0.023713277181465972,-0.022384336954133575,-0.1581320811930712,-0.15586111338861214,0.6326297337870049,0.6220147938063395,0.05719717867760751,0.03471293107085135,-0.004368488490252518,4,NS,0.07792254320192886,3,NS,-0.06505380404686996,2,LH,0.02465912200771632,1,NS,NS,HH,NS,NS,LH,NS,NS,NS,NS,NS,NS,HH
1,PctBach,PctFB,PctBlack,PctRural,0.17506238373294147,0.629262244756303,-0.14825534917418928,-0.27121171868086075,0.17506238373294147,0.629262244756303,0.0,-0.27121171868086075,0.15500132101501435,0.6109565258573635,-0.10681311091244919,-0.2888619199934165,0.0,0.6109565258573635,0.0,-0.2888619199934165,-0.2394168878303899,-0.2380879476030575,-0.2291317206976451,-0.22686075289318602,0.005160468769878918,-0.0054544712107865165,0.3792521588942981,0.35676791128754193,0.03967929227302155,3,NS,0.14616462024549817,3,NS,0.0019641679753704165,1,NS,-0.09179444121801554,2,NS,NS,NS,NS,NS,NS,NS,NS,NS,NS,NS,NS,NS
1,PctBach,PctFB,PctBlack,PctRural,-0.28660562284400737,0.14068158542326095,0.09680909121325613,-0.407826113616486,-0.28660562284400737,0.0,0.0,-0.407826113616486,-0.2603800261344545,0.1786111336011291,-0.01929736535112716,-0.32301118660884964,-0.2603800261344545,0.0,0.0,-0.32301118660884964,-0.42430569695803894,-0.42297675673070656,0.21613744705246812,0.2184084148569272,-0.09482486134207051,-0.10543980132273595,0.014626692786895448,-0.007857554819860717,0.41184292758236013,3,NS,-0.04899462855277734,2,NS,0.00442159987808628,3,NS,0.01604450563913684,1,NS,NS,NS,NS,NS,NS,NS,NS,NS,NS,NS,NS,NS
1,PctBach,PctFB,PctBlack,PctRural,-0.08743882447904146,0.4372411673355922,-0.024936252499397977,-0.3294207598570783,0.0,0.4372411673355922,0.0,-0.3294207598570783,-0.05836960400407631,0.435872778542853,-0.09926191547984989,-0.31093942510098416,0.0,0.435872778542853,0.0,-0.31093942510098416,-0.567374418306815,-0.5660454780794826,-0.5425444150821213,-0.5402734472776621,0.3181015669124741,0.30748662693180867,0.5509222704753213,0.5284380228685651,-0.10452239886835464,4,HL,0.2804728679814114,3,LL,0.10812291574523783,1,NS,-0.35018830233773984,2,NS,HL,NS,HH,LL,NS,NS,HL,HL,HH,LL,LL,NS
1,PctBach,PctFB,PctBlack,PctRural,-0.18842721095180026,0.20057301747217496,0.02900389460019045,-0.35020663211735326,-0.18842721095180026,0.20057301747217496,0.0,-0.35020663211735326,-0.1307750390049083,0.18986991682242346,-0.04010746008718723,-0.2859250986749496,0.0,0.0,0.0,-0.2859250986749496,-0.15357565502112425,-0.15224671479379184,-0.5516729401612807,-0.5494019723568215,1.0723199120210105,1.061704972040345,-0.5512831359559388,-0.573767383562695,-0.07397467866697989,4,NS,0.19177856742902852,3,LL,-0.5026124222948003,2,LH,-0.16263971947476472,4,HL,HL,HH,NS,NS,LH,NS,NS,LL,NS,NS,HL,HH
1,PctBach,PctFB,PctBlack,PctRural,-0.1857624981486503,0.25196748175058714,0.012514158443591829,-0.4488159623552426,0.0,0.0,0.0,-0.4488159623552426,-0.14742746241461327,0.3115771839503432,-0.05945920780078262,-0.34227287143071006,0.0,0.3115771839503432,0.0,-0.34227287143071006,-0.2416179450819095,-0.2402890048545771,-0.05467546362926365,-0.05240449582480457,-0.0334341572112847,-0.04404909719195013,0.24321169311310958,0.22072744550635343,-0.10369980932394336,4,NS,-0.11986396476491415,4,NS,-0.02254274936032252,4,NS,-0.3335259415334234,2,NS,NS,NS,NS,NS,NS,NS,NS,NS,NS,NS,NS,NS
1,PctBach,PctFB,PctBlack,PctRural,0.20143713341069283,0.702652444991929,-0.16133570170633138,-0.30285059653897073,0.20143713341069283,0.702652444991929,0.0,-0.30285059653897073,0.2241862409153208,0.6996673379490619,-0.13320463544498506,-0.3114910191024789,0.2241862409153208,0.6996673379490619,0.0,-0.3114910191024789,0.11055121516123159,0.111880155388564,0.08428097368683093,0.08655194149129002,0.6664631535723615,0.6558482135916961,-0.11771199161249168,-0.14019623921924784,-0.0531410724494291,2,NS,-0.059199985793019064,2,NS,0.41266625866748075,1,HH,-0.12912219739193126,4,NS,NS,LH,NS,NS,LH,NS,NS,NS,NS,NS,NS,HH
1,PctBach,PctFB,PctBlack,PctRural,-0.20585009510777638,0.232416837939249,0.03026423260167561,-0.45137573528595454,-0.20585009510777638,0.0,0.0,-0.45137573528595454,-0.1678486016458003,0.29772829895918984,-0.0493178371175048,-0.3413880556246382,0.0,0.29772829895918984,0.0,-0.3413880556246382,-0.019311162678426756,-0.01798222245109436,0.056895398449352444,0.059166366253811525,0.05082476455693822,0.040209824576272785,-0.05940893484912544,-0.0818931824558816,0.019419754730457022,3,NS,0.04077767226693824,1,NS,-0.016448061543615455,2,NS,-0.06516763591670559,4,NS,NS,NS,NS,NS,NS,NS,NS,NS,NS,NS,NS,NS
1,PctBach,PctFB,PctBlack,PctRural,-0.2905306190349104,0.13047888218081413,0.09852898612824905,-0.4071959942625226,-0.2905306190349104,0.0,0.0,-0.4071959942625226,-0.2594081088393391,0.1590846116638062,-0.016696611974657084,-0.3225261897843282,-0.2594081088393391,0.0,0.0,-0.3225261897843282,-0.5343585595340206,-0.5330296193066881,0.21410888592376603,0.2163798537282251,-0.06257851028864958,-0.07319345026931501,0.025732036932298613,0.003247789325542448,-0.5004924441286243,4,HL,0.06886076740760795,1,NS,-0.016102613921899704,4,NS,-0.021373045669569577,2,NS,NS,NS,NS,HL,NS,NS,HL,NS,NS,LL,NS,NS
1,PctBach,PctFB,PctBlack,PctRural,0.1445140500560693,0.7273674093970975,-0.06029009688936124,-0.2846458840816173,0.0,0.7273674093970975,0.0,-0.2846458840816173,0.17392620920274338,0.7174702049405818,-0.05892836263362195,-0.30319852853030205,0.0,0.7174702049405818,0.0,-0.30319852853030205,0.0907416998975548,0.09207064012488721,0.33683683421024363,0.3391078020147027,-1.457034809757613,-1.4676497497382783,0.934056643491729,0.9115723958849729,0.0024265952816455924,1,NS,-0.10079897606905804,2,NS,2.1711188182510393,3,LL,0.2893093852783153,1,HH,NS,HL,HH,NS,LL,LH,NS,NS,LH,NS,NS,HL
1,PctBach,PctFB,PctBlack,PctRural,0.19004364991893577,0.7146271180783177,-0.16904178846812398,-0.2723205403964747,0.19004364991893577,0.7146271180783177,0.0,-0.2723205403964747,0.19044641399734435,0.690134736068062,-0.14270660580584796,-0.3108212700012459,0.0,0.690134736068062,0.0,-0.3108212700012459,-0.1425703687635261,-0.1412414285361937,0.023424139825767673,0.02569510763022675,0.7796500099545035,0.7690350699738381,0.17889324160431666,0.1564089939975605,0.013650001212237597,3,NS,-0.017208897223351106,2,NS,0.4018217895797553,1,HH,-0.028164086425812813,2,NS,NS,LH,NS,NS,LH,NS,NS,NS,NS,NS,NS,LH
1,PctBach,PctFB,PctBlack,PctRural,-0.20814289070878347,0.22095639228608419,0.03144732684827739,-0.4605981064098939,-0.20814289070878347,0.0,0.0,-0.4605981064098939,-0.16932806607444245,0.29077832733170716,-0.04397994522696357,-0.3450428996844131,0.0,0.29077832733170716,0.0,-0.3450428996844131,0.2250061922402524,0.2263351324675848,0.37132237339817964,0.3735933412026387,-0.2567058719995125,-0.26732081198017793,-0.534625119737834,-0.5571093673445902,-0.08847318272183102,2,NS,-0.257827321623689,2,NS,-0.23476620236369097,4,NS,-0.5864480695282686,4,NS,NS,NS,NS,NS,NS,NS,NS,NS,NS,NS,NS,NS
1,PctBach,PctFB,PctBlack,PctRural,0.0008239256053533452,0.3766451337281752,-0.07382610845479069,-0.3115929833365552,0.0,0.3766451337281752,0.0,-0.3115929833365552,-0.014779298707965164,0.3325817308016031,-0.0738988991309645,-0.2770006230901287,0.0,0.3325817308016031,0.0,-0.2770006230901287,-0.12276085349984943,-0.12143191327251703,-0.19464618150970922,-0.19237521370525015,0.6851472809165137,0.6745323409358482,0.17935596427704176,0.1568717166702856,0.018197497121181946,3,NS,0.023719776253189592,3,NS,1.2309052280719002,1,HH,-0.030216217847379708,2,NS,NS,LH,NS,NS,LH,NS,NS,NS,NS,NS,NS,LH
1,PctBach,PctFB,PctBlack,PctRural,0.17954050090348492,0.7135379249056639,-0.10820381456479503,-0.31108131214168183,0.17954050090348492,0.7135379249056639,0.0,-0.31108131214168183,0.2571978188297641,0.7147096253520909,-0.09382774832620859,-0.30602037378581154,0.2571978188297641,0.7147096253520909,0.0,-0.30602037378581154,0.729048302838248,0.7303772430655804,-0.04250409685705096,-0.04023312905259188,-0.6308212558094476,-0.641436195790113,0.2793040615856699,0.25681981397891374,-0.15909743646014848,2,LH,0.011005823200461225,3,NS,0.6900017517296457,3,LL,0.30637791170127326,1,NS,NS,LL,NS,LH,LL,NS,LH,NS,NS,HH,NS,HL
1,PctBach,PctFB,PctBlack,PctRural,0.03668795167297114,0.3638756396560999,-0.09524137013840092,-0.3273337042443896,0.0,0.3638756396560999,0.0,-0.3273337042443896,-0.009087024555658326,0.34488603829786557,-0.06790533160521457,-0.2719485174774823,0.0,0.34488603829786557,0.0,-0.2719485174774823,-0.10955450999073159,-0.10822556976339918,0.3439367981607012,0.3462077659651603,1.166966920034631,1.1563519800539657,0.08773687507746605,0.0652526274707099,0.12167228578369971,3,NS,-0.19444041211681637,2,NS,0.9320443442182409,1,HH,0.09624149542553122,1,NS,NS,LH,NS,NS,LH,NS,NS,NS,NS,NS,NS,HH
1,PctBach,PctFB,PctBlack,PctRural,0.1401713530009941,0.6007480013984888,-0.11079426258107213,-0.2718880866568949,0.0,0.6007480013984888,0.0,-0.2718880866568949,0.10806456719323441,0.5738063080664317,-0.07616882365050692,-0.28581058133225296,0.0,0.5738063080664317,0.0,-0.28581058133225296,0.335059054816234,0.33638799504356637,-0.081046758302391,-0.07877579049793192,0.024061014577476916,0.013446074596811481,0.11642568078642412,0.09394143317966797,-0.2490016776475092,2,NS,0.05366074760609634,3,NS,0.023770840221848562,1,NS,0.05190708526100795,1,NS,NS,NS,NS,NS,NS,NS,NS,NS,NS,NS,NS,NS
1,PctBach,PctFB,PctBlack,PctRural,-0.22705922664992345,0.14116940902234218,0.0461361774719768,-0.3634295842917793,-0.22705922664992345,0.0,0.0,-0.3634295842917793,-0.17085473314032365,0.13118545305409918,-0.02507981503925399,-0.28455215778164916,0.0,0.0,0.0,-0.28455215778164916,-0.274633803854704,-0.2733048636273716,0.04066690941973572,0.0429378772241948,1.0668373109470508,1.0562223709663854,0.14048725976813084,0.11800301216137468,0.1320142419639645,3,NS,-0.02364634571355936,2,NS,0.005317801460030081,1,HH,0.15410514628406882,1,NS,NS,LH,NS,NS,LH,NS,NS,NS,NS,NS,NS,HH
1,PctBach,PctFB,PctBlack,PctRural,-0.2641804313251919,0.1410784714014669,0.07536232991048156,-0.3653670872156149,-0.2641804313251919,0.0,0.0,-0.3653670872156149,-0.1985281152999313,0.13592626019358728,-0.023820979377338885,-0.2960093317328789,0.0,0.0,0.0,-0.2960093317328789,-0.1205597962483298,-0.1192308560209974,-0.24637449029161304,-0.24410352248715397,0.6733885444026265,0.6627736044219611,-0.04784086803099713,-0.07032511563775329,0.06639019905170096,3,NS,0.10948622437608853,3,NS,0.7923204327771832,1,HH,0.024602148985856453,3,NS,NS,LH,NS,NS,LH,NS,NS,NS,NS,NS,NS,LH
1,PctBach,PctFB,PctBlack,PctRural,0.1825308244312906,0.6418918147711987,-0.1602666382852361,-0.2657615682849315,0.1825308244312906,0.6418918147711987,0.0,-0.2657615682849315,0.16352429894369708,0.6204170320321097,-0.11735419005775106,-0.2897549271095441,0.0,0.6204170320321097,0.0,-0.2897549271095441,-0.10515239548769237,-0.10382345526035996,-0.3112884464100806,-0.3090174786056215,0.288307958444772,0.27769301846410654,-0.03488463319469335,-0.057368880801449515,-0.035930638907173,4,NS,0.05048384100663312,3,NS,0.07253359036811619,1,NS,-0.006313658624625605,4,NS,NS,NS,NS,NS,NS,NS,NS,NS,NS,NS,NS,NS
1,PctBach,PctFB,PctBlack,PctRural,-0.18235843818306463,0.3016247736127927,0.020220857823923275,-0.3924906795340182,-0.18235843818306463,0.3016247736127927,0.0,-0.3924906795340182,-0.14687676774210032,0.34633048119454973,-0.07292273044561762,-0.323913121223459,0.0,0.34633048119454973,0.0,-0.323913121223459,-0.35167080765789105,-0.3503418674305587,-0.35388823011282494,-0.3516172623083659,0.0768671196582468,0.06625217967758137,-0.23339265979377438,-0.25587690740053054,0.052130042497350766,3,NS,-0.08813471040340111,4,NS,0.003865651645221145,1,NS,-0.24399668084265805,4,NS,NS,NS,NS,NS,NS,NS,NS,NS,NS,NS,NS,NS
1,PctBach,PctFB,PctBlack,PctRural,0.2067919400138819,0.7160475209044996,-0.14566821469806504,-0.2893453247393574,0.2067919400138819,0.7160475209044996,0.0,-0.2893453247393574,0.2655368284973668,0.7215025825930336,-0.11578574178379462,-0.3003410311708807,0.2655368284973668,0.7215025825930336,0.0,-0.3003410311708807,0.830296936408151,0.8316258766354835,0.21208032479506395,0.214351292599523,-0.11473535997908212,-0.12535029995974756,-0.021465675685664647,-0.04394992329242081,0.0076753269771243455,1,HH,-0.05149504600652235,2,NS,-0.048342097896183746,4,NS,-0.0022268131258299877,4,NS,NS,NS,NS,LH,NS,NS,HH,NS,NS,HH,NS,NS
1,PctBach,PctFB,PctBlack,PctRural,0.12764086913560396,0.7284894752425612,-0.04231594328432425,-0.2701148353277371,0.0,0.7284894752425612,0.0,-0.2701148353277371,0.12871482311099822,0.7095573572940642,-0.04224829421219806,-0.30071029850653713,0.0,0.7095573572940642,0.0,-0.30071029850653713,-0.34066552140029294,-0.33933658117296056,-0.30418848245962327,-0.3019175146551642,-1.411659071921815,-1.4222740119024804,0.23997263440403388,0.21748838679727772,0.32469857605018826,3,NS,0.15480004122466862,3,NS,2.1966049154333724,3,LL,0.1661326414965618,1,NS,NS,LL,NS,NS,LL,NS,NS,NS,NS,NS,NS,HL
1,PctBach,PctFB,PctBlack,PctRural,0.0734529224385038,0.4018225371938291,-0.10494563725778458,-0.32653241450984627,0.0,0.4018225371938291,0.0,-0.32653241450984627,0.012649201252747825,0.3942616386939563,-0.06650710775606222,-0.2751788807540294,0.0,0.3942616386939563,0.0,-0.2751788807540294,-0.11835873899681021,-0.1170297987694778,0.14716636867659638,0.14943733648105545,0.8060530624948885,0.7954381225142231,0.4162699727123085,0.3937857251055523,-0.11707052276666872,4,NS,0.2692314824281326,1,NS,0.4880044638511642,1,HH,-1.0256286443978222,2,NS,NS,HH,NS,NS,HH,NS,NS,NS,NS,NS,NS,LH
1,PctBach,PctFB,PctBlack,PctRural,0.1811040768536324,0.7032649766921604,-0.11982897963793047,-0.288099064046704,0.1811040768536324,0.7032649766921604,0.0,-0.288099064046704,0.2576865082548323,0.7183754211863017,-0.09834837716367005,-0.2980294338170986,0.2576865082548323,0.7183754211863017,0.0,-0.2980294338170986,0.5947838104955506,0.5961127507228831,0.8165915411482929,0.818862508952752,-0.08248900892566122,-0.09310394890632664,-0.5170416581742789,-0.5395259057810351,-0.1506121201084797,2,NS,-0.23119765970918726,2,LH,0.023856959820690703,3,NS,-0.11069516093136231,4,NS,LH,NS,NS,LH,NS,NS,NS,LH,NS,NS,HH,NS
1,PctBach,PctFB,PctBlack,PctRural,0.1919970775442478,0.713303950994044,-0.12181188269938155,-0.30711325224331476,0.1919970775442478,0.713303950994044,0.0,-0.30711325224331476,0.270643219916128,0.7214399266350298,-0.10093631883356217,-0.30311542850480727,0.270643219916128,0.7214399266350298,0.0,-0.30311542850480727,0.436307688386137,0.43763662861346936,0.0376240677266824,0.03989503553114148,-0.258509359194894,-0.2691242991755594,0.04007643978677765,0.017592192180021483,1.3324165481140076,1,NS,-0.004584906116780114,2,NS,0.29684531295506855,3,NS,0.0368849629828982,1,NS,NS,NS,NS,NS,NS,NS,NS,NS,NS,NS,NS,NS
1,PctBach,PctFB,PctBlack,PctRural,0.198414060923127,0.708967496779266,-0.13529096016309122,-0.3126191514644025,0.198414060923127,0.708967496779266,0.0,-0.3126191514644025,0.2617130371990861,0.71458032424932,-0.11294037670779225,-0.3058544821928483,0.2617130371990861,0.71458032424932,0.0,-0.3058544821928483,0.7004345585684926,0.701763498795825,0.059938240142405674,0.062209207946864756,0.32242993618138965,0.3118149962007242,0.137248201059055,0.11476395345229884,0.22708292121857815,1,HH,-0.02470274276912203,2,NS,-0.04905790472859566,2,NS,0.1505521150910008,1,NS,NS,NS,NS,LH,NS,NS,LH,NS,NS,HH,NS,NS
1,PctBach,PctFB,PctBlack,PctRural,0.121597389667133,0.7074979501940866,-0.0533352405570261,-0.2644467570030309,0.0,0.7074979501940866,0.0,-0.2644467570030309,0.12907720030319342,0.6949743943667492,-0.04784543535088624,-0.29463425531879245,0.0,0.6949743943667492,0.0,-0.29463425531879245,0.83690010816271,0.8382290483900424,0.5011502856351147,0.5034212534395738,-0.6691273238393503,-0.6797422638200157,-0.9746743814994329,-0.997158629106189,-0.4901541212944039,2,LH,-0.1903788539953635,2,NS,0.8999775714353575,3,LL,-0.8432763501177386,4,HL,NS,LL,LL,LH,LL,LL,LH,NS,LL,HH,NS,HL
1,PctBach,PctFB,PctBlack,PctRural,0.07117067217504397,0.47856387562445174,-0.11237480496429533,-0.2906592093182506,0.0,0.47856387562445174,0.0,-0.2906592093182506,0.030059202348117,0.4230253359065495,-0.09550930973136283,-0.2812397148622223,0.0,0.4230253359065495,0.0,-0.2812397148622223,-0.1557767122726439,-0.1544477720453115,-0.19363190094535815,-0.19136093314089908,0.6795204008669234,0.668905460886258,-0.13113094912152057,-0.15361519672827673,-0.11592093207827785,4,NS,-0.07632670346712163,4,NS,0.7847268466919337,1,HH,0.04283341963455559,3,NS,NS,HH,NS,NS,HH,NS,NS,NS,NS,NS,NS,LH
1,PctBach,PctFB,PctBlack,PctRural,0.13438645815343092,0.724079115731101,-0.05328659175046542,-0.2751355746722808,0.0,0.724079115731101,0.0,-0.2751355746722808,0.15166861489912184,0.7108497914760185,-0.05150054506131963,-0.3002802136629898,0.0,0.7108497914760185,0.0,-0.3002802136629898,-0.03471856343906418,-0.033389623211731785,-0.2585458570638257,-0.25627488925936664,-1.458405460026103,-1.4690204000067684,0.5208452967481878,0.49836104914143164,0.01182896817487509,3,NS,0.19411402893004248,3,NS,2.167306587709407,3,LL,0.571332523527209,1,NS,NS,LL,NS,NS,LL,NS,NS,NS,NS,NS,NS,HL
1,PctBach,PctFB,PctBlack,PctRural,-0.24754361683332204,0.1902782763935364,0.06743224621820265,-0.44001572507446607,-0.24754361683332204,0.0,0.0,-0.44001572507446607,-0.21779259823547312,0.26782665830168223,-0.030727623597164806,-0.3349518291099599,-0.21779259823547312,0.0,0.0,-0.3349518291099599,-0.5959881625765703,-0.5946592223492378,-0.2484030514203151,-0.24613208361585603,-0.4983731561806314,-0.5089880961612968,0.25477975993123797,0.2322955123244818,0.48462684220936153,3,LL,0.08635257936062685,3,NS,0.44881001351929595,3,NS,0.03955132609843373,1,NS,NS,NS,NS,LL,NS,NS,LL,NS,NS,HL,NS,NS
1,PctBach,PctFB,PctBlack,PctRural,0.1610755515335005,0.6208288522494847,-0.1319355908020925,-0.2723115564554031,0.0,0.6208288522494847,0.0,-0.2723115564554031,0.1387213474433344,0.6005415276922186,-0.09292031135601729,-0.28788295018367943,0.0,0.6005415276922186,0.0,-0.28788295018367943,0.1831861044613794,0.1845150446887118,-0.2169603539254324,-0.21468938612097332,0.27561140858928634,0.2649964686086209,0.029433818314099615,0.00694957070734345,-0.052797357913645884,2,NS,0.0544293590191489,3,NS,-0.11622233322670465,2,NS,0.03228693395030531,1,NS,NS,NS,NS,NS,NS,NS,NS,NS,NS,NS,NS,NS
1,PctBach,PctFB,PctBlack,PctRural,0.11342934857611259,0.7025377974088819,-0.045681757883296814,-0.2604422589609165,0.0,0.7025377974088819,0.0,-0.2604422589609165,0.10615260391112329,0.686606546611967,-0.0405731998030454,-0.29373334415512,0.0,0.686606546611967,0.0,-0.29373334415512,0.28883685253432173,0.2901657927616541,0.06399536239980991,0.06626633020426899,-1.0418720573807954,-1.0524869973614608,-0.5101008180834021,-0.5325850656901583,-0.2095973131287467,2,NS,-0.009346562608242896,2,NS,0.7823107077345418,3,LL,0.06904937044394797,3,NS,NS,LL,NS,NS,LL,NS,NS,NS,NS,NS,NS,LL
1,PctBach,PctFB,PctBlack,PctRural,-0.1726383150258483,0.3045383576087646,0.03875095151867204,-0.33079796525683436,0.0,0.3045383576087646,0.0,-0.33079796525683436,-0.09299552206156891,0.32797855101433654,-0.06637934475684283,-0.29930485266642803,0.0,0.32797855101433654,0.0,-0.29930485266642803,-0.1359671970089672,-0.1346382567816348,-0.31331700753878267,-0.3110460397343236,0.4870522473758115,0.47643730739514606,-0.1371463438669473,-0.15963059147370345,0.005880454031280006,3,NS,-0.1588735014929834,4,NS,0.14152802697161168,1,NS,0.06901397908538517,3,NS,NS,NS,NS,NS,NS,NS,NS,NS,NS,NS,NS,NS
1,PctBach,PctFB,PctBlack,PctRural,0.2083484670859437,0.7229147736795439,-0.16344948230145825,-0.26382393487497857,0.2083484670859437,0.7229147736795439,0.0,-0.26382393487497857,0.23150162443928327,0.7145509055548528,-0.1351219321510756,-0.29896010876627055,0.23150162443928327,0.7145509055548528,0.0,-0.29896010876627055,-0.2152052580636739,-0.2138763178363415,-0.2991170796378678,-0.29684611183340875,0.9495385037594394,0.938923563778774,0.40655279658508076,0.3840685489783246,-0.02834857238209709,4,NS,-0.17337974957936073,4,NS,0.2938877087384889,1,HH,-0.05503267915135244,2,NS,NS,HH,NS,NS,HH,NS,NS,NS,NS,NS,NS,LH
1,PctBach,PctFB,PctBlack,PctRural,-0.07591665064851952,0.22280374481364307,-0.04615558159149237,-0.367827715858836,0.0,0.22280374481364307,0.0,-0.367827715858836,-0.08905494921672429,0.219456271376763,-0.04474115073855612,-0.2672652263518185,0.0,0.219456271376763,0.0,-0.2672652263518185,-0.17558622753632058,-0.17425728730898818,-0.01613280218392346,-0.013861834379464382,1.495201589594061,1.4845866496133955,0.041001885132227855,0.01851763752547169,0.11205409213544368,3,NS,0.002356205824984691,3,NS,1.9324901250908968,1,HH,0.044976331068405664,1,NS,NS,LH,NS,NS,LH,NS,NS,NS,NS,NS,NS,HH
1,PctBach,PctFB,PctBlack,PctRural,0.15313888009765658,0.7259677016150018,-0.07060642845936178,-0.2964118248991527,0.0,0.7259677016150018,0.0,-0.2964118248991527,0.19363052402995126,0.714191308096006,-0.06678940605087166,-0.3069698505107766,0.19363052402995126,0.714191308096006,0.0,-0.3069698505107766,-0.008305876420828584,-0.0069769361934961865,-0.00801855766911503,-0.00574758986465595,-1.3305021481296482,-1.3411170881103136,0.7281450541290462,0.70566080652229,-0.0009487831934337347,4,NS,7.319470942087804e-06,3,NS,2.0634538750440625,3,LL,0.7987265198835676,1,HH,NS,HL,HH,NS,LL,LH,NS,NS,LH,NS,NS,HL
1,PctBach,PctFB,PctBlack,PctRural,-0.11030360120907012,0.21239353646133607,-0.02519001288605075,-0.3627913621077476,0.0,0.21239353646133607,0.0,-0.3627913621077476,-0.10284094608077379,0.2018264594568125,-0.042780266330918,-0.27176552187130687,0.0,0.2018264594568125,0.0,-0.27176552187130687,-0.3846866664306856,-0.38335772620335323,-0.6794722912695136,-0.6772013234650545,1.5853038098753198,1.5746888698946544,0.6554975945112007,0.6330133469044446,0.3330007717612285,3,NS,0.14854591141719609,3,LL,2.7980832925793435,1,HH,-0.40219308828080175,2,LH,LL,LH,LH,NS,LH,LH,NS,HL,HH,NS,LL,LH
1,PctBach,PctFB,PctBlack,PctRural,0.13974068233141299,0.6613010592210256,-0.16502353801997363,-0.2831833956326607,0.0,0.6613010592210256,0.0,-0.2831833956326607,0.13156560804615905,0.6327003321510308,-0.14197486824082023,-0.3180066820008994,0.0,0.6327003321510308,0.0,-0.3180066820008994,-0.2658295748486255,-0.26450063462129314,-0.31737412979618684,-0.3151031619917278,0.6412864723248359,0.6306715323441705,0.28300584296747094,0.2605215953607148,-0.29549615363696013,4,NS,-0.48081258734256876,4,NS,0.5357260510200466,1,HH,-0.6275357453996615,2,NS,NS,HH,NS,NS,HH,NS,NS,NS,NS,NS,NS,LH
1,PctBach,PctFB,PctBlack,PctRural,0.16608448198543074,0.7046832126437768,-0.10143271660711703,-0.28586956411186554,0.16608448198543074,0.7046832126437768,0.0,-0.28586956411186554,0.24900287760859308,0.7133922740224836,-0.08522820162522067,-0.2977029105953019,0.24900287760859308,0.7133922740224836,0.0,-0.2977029105953019,1.2727094439635969,1.2740383841909293,1.4383455270954897,1.4406164948999487,-0.08385965919415111,-0.09447459917481654,-1.157449837225859,-1.1799340848326152,1.5928998460545647,1,HH,1.019283267631609,1,HH,0.09312163156095424,3,NS,0.467487790158677,3,LL,HH,NS,HL,HH,NS,HL,LH,LH,LL,LH,LH,NS
1,PctBach,PctFB,PctBlack,PctRural,-0.022414161528354567,0.3176026670599555,-0.0669640456275483,-0.33131080106931354,0.0,0.3176026670599555,0.0,-0.33131080106931354,-0.03849794643945024,0.2981258114199978,-0.06331400278772169,-0.2723684004253921,0.0,0.2981258114199978,0.0,-0.2723684004253921,-0.16678199853024206,-0.16545305830290966,0.11166654892430952,0.1139375167287686,1.1765614719140605,1.165946531933395,0.1562198306407853,0.13373558303402913,0.08600736101364746,3,NS,-0.07933633948402125,2,NS,0.4518690786916758,1,HH,0.17136272636468536,1,NS,NS,LH,NS,NS,LH,NS,NS,NS,NS,NS,NS,HH
1,PctBach,PctFB,PctBlack,PctRural,-0.012308710379973622,0.4638138864649234,-0.10419570524603826,-0.36433727043711805,0.0,0.4638138864649234,0.0,-0.36433727043711805,-0.007693736643460831,0.4479260445922235,-0.11638848185474976,-0.33490434884027503,0.0,0.4479260445922235,0.0,-0.33490434884027503,0.0467205548671622,0.0480494950944946,-0.17233200909398608,-0.170061041289527,0.3887982649714282,0.3781833249907628,-0.2630069108481826,-0.2854911584549388,-0.019188180335412565,2,NS,0.07241387850918375,3,NS,0.3856701750069958,1,NS,-0.0882345587032655,4,NS,NS,NS,NS,NS,NS,NS,NS,NS,NS,NS,NS,NS
1,PctBach,PctFB,PctBlack,PctRural,-0.24282594456390993,0.1292779659261291,0.055957411805597074,-0.3661256649125772,-0.24282594456390993,0.0,0.0,-0.3661256649125772,-0.1840192119436081,0.11672864914129724,-0.021371310025097297,-0.2867617669063325,0.0,0.0,0.0,-0.2867617669063325,-0.2658295748486255,-0.26450063462129314,-0.4948732285576215,-0.49260226075316244,1.0288919403562244,1.018277000375559,0.28208039762202064,0.2595961500152645,0.14638775891489436,3,NS,-1.8191102619119124,4,HL,0.3154977836330518,1,HH,-0.008092229617664258,2,NS,LL,LH,NS,NS,HH,NS,NS,HL,NS,NS,LL,LH
1,PctBach,PctFB,PctBlack,PctRural,0.1686479537893256,0.6635584486605974,-0.12800839382675383,-0.27106081265607573,0.1686479537893256,0.6635584486605974,0.0,-0.27106081265607573,0.1814979368891409,0.6518995322268683,-0.09259892123645036,-0.29117003827741655,0.0,0.6518995322268683,0.0,-0.29117003827741655,0.26462522276760586,0.26595416299493824,0.24250874172559556,0.24477970953005462,-0.22251175477507962,-0.23312669475574505,-0.23015360108469832,-0.2526378486914545,0.007076551549036935,1,NS,-0.07061574012701409,2,NS,-0.02152633014614786,4,NS,0.14036852464689886,3,NS,NS,NS,NS,NS,NS,NS,NS,NS,NS,NS,NS,NS
1,PctBach,PctFB,PctBlack,PctRural,0.16431190998086598,0.7199247470504535,-0.0869407452072171,-0.3049597371768083,0.16431190998086598,0.7199247470504535,0.0,-0.3049597371768083,0.22550758930023582,0.713160473804056,-0.07887827400175038,-0.3069406051824003,0.22550758930023582,0.713160473804056,0.0,-0.3069406051824003,-0.14697248326656542,-0.14564354303923302,-0.13074650595559273,-0.12847553815113366,-1.147700686005781,-1.1583156259864464,0.7684019266561324,0.7459176790493762,-0.055363953559282045,4,NS,0.004336294492378889,3,NS,1.025663722085678,3,LL,-0.16054540960409444,2,LH,NS,HL,HH,NS,LL,LH,NS,NS,LH,NS,NS,LL
1,PctBach,PctFB,PctBlack,PctRural,-0.02613713400954629,0.27253209514572135,-0.07018935605957023,-0.35661879334196733,0.0,0.27253209514572135,0.0,-0.35661879334196733,-0.05582397534302276,0.26799577394149715,-0.05312690102610669,-0.26636111824604075,0.0,0.26799577394149715,0.0,-0.26636111824604075,-0.15357565502112427,-0.15224671479379187,0.417979279358328,0.4202502471627871,1.2265541369700352,1.2159391969893698,-0.18850856053943665,-0.2109928081461928,0.07919701718836362,3,NS,-0.3272963067871499,2,NS,2.5369900335009814,1,HH,-0.20678130775470557,4,NS,NS,LH,NS,NS,LH,NS,NS,NS,NS,NS,NS,HH
1,PctBach,PctFB,PctBlack,PctRural,-0.09476493879426526,0.2667752009291227,-0.027093261040661558,-0.3403037248721486,0.0,0.2667752009291227,0.0,-0.3403037248721486,-0.07583862587946008,0.24615896466228615,-0.05332399117605246,-0.2774465185457234,0.0,0.24615896466228615,0.0,-0.2774465185457234,-0.37368138017308744,-0.37235243994575506,-0.5628300263691423,-0.5605590585646831,0.9662748649325794,0.955659924951914,0.24830164251308612,0.22581739490632996,-0.3238442461431647,4,NS,0.24557750862632055,3,LL,1.0604634097808503,1,HH,-0.2263338022637982,2,NS,HL,HH,NS,NS,LH,NS,NS,HL,NS,NS,LL,LH
1,PctBach,PctFB,PctBlack,PctRural,0.1258400511695256,0.5085680397085294,-0.12476950010262026,-0.2872461084664305,0.0,0.5085680397085294,0.0,-0.2872461084664305,0.058230713104675855,0.4789345524091935,-0.08442124970671665,-0.2807550192133567,0.0,0.4789345524091935,0.0,-0.2807550192133567,-0.010506933672348187,-0.009177993445015789,0.4879646382985509,0.49023560610301,0.37660669153064946,0.36599175154998403,-0.0052703821402851556,-0.02775462974704132,0.0070729182029925,3,NS,-0.3112758278643372,2,NS,0.7547791945581125,1,NS,-0.0053741283182417625,4,NS,NS,NS,NS,NS,NS,NS,NS,NS,NS,NS,NS,NS
1,PctBach,PctFB,PctBlack,PctRural,0.20643283537673945,0.7273282014149886,-0.16346934928770246,-0.27596993299655487,0.20643283537673945,0.7273282014149886,0.0,-0.27596993299655487,0.21973344020459518,0.7068185647817362,-0.1364610946926931,-0.3058024972074953,0.21973344020459518,0.7068185647817362,0.0,-0.3058024972074953,-0.45512049847931374,-0.45379155825198136,-0.5922441627353229,-0.5899731949308638,0.9273916810001546,0.9167767410194891,0.6467058637294233,0.6242216161226671,0.42582549649893203,3,LL,0.16767925884743895,3,LL,1.806518218932696,1,HH,0.7093931641721409,1,HH,LL,LH,LH,NS,LH,LH,NS,HL,HH,NS,HL,HH
1,PctBach,PctFB,PctBlack,PctRural,-0.1796857864340956,0.28056404309075694,0.011071820622426705,-0.42238967096447694,0.0,0.0,0.0,-0.42238967096447694,-0.143202445355939,0.3263851654017215,-0.06865210220018549,-0.3332520978309981,0.0,0.3263851654017215,0.0,-0.3332520978309981,-0.10295133823617277,-0.10162239800884036,-0.09626096676765686,-0.09398999896319778,-0.10651145836814249,-0.11712639834880792,0.10948484069554709,0.08700059308879093,0.08011189372229789,3,NS,-0.07132000483072262,4,NS,-0.010976089816236706,4,NS,0.03673039074264187,1,NS,NS,NS,NS,NS,NS,NS,NS,NS,NS,NS,NS,NS
1,PctBach,PctFB,PctBlack,PctRural,0.09583396583028944,0.46713152796626595,-0.1197920005263995,-0.2925620810965949,0.0,0.46713152796626595,0.0,-0.2925620810965949,0.03365698116890977,0.4239205806312524,-0.0846130295781736,-0.27808735597297307,0.0,0.4239205806312524,0.0,-0.27808735597297307,-0.1689830557817617,-0.1676541155544293,0.2932227699431484,0.29549373774760745,0.8240879344487032,0.8134729944680378,0.19601398049514646,0.1735297328883903,0.11375377141492929,3,NS,-0.15394827782668913,2,NS,0.7475124485098785,1,HH,0.2150142524509506,1,NS,NS,LH,NS,NS,LH,NS,NS,NS,NS,NS,NS,HH
1,PctBach,PctFB,PctBlack,PctRural,-0.2498406259798907,0.2367496892344412,0.08095965095951417,-0.38047792651745665,-0.2498406259798907,0.0,0.0,-0.38047792651745665,-0.21045167938791076,0.31320766380747983,-0.04971541040222454,-0.3176558721456661,-0.21045167938791076,0.31320766380747983,0.0,-0.3176558721456661,-0.3956919526882837,-0.39436301246095135,-0.4279307113104519,-0.42565974350599284,0.008911722136272456,-0.001703217844392979,0.2219264501677537,0.19944220256099754,0.16251109532071997,3,NS,0.3764946693489345,3,NS,0.003606614520349203,1,NS,0.019756851471688885,1,NS,NS,NS,NS,NS,NS,NS,NS,NS,NS,NS,NS,NS
1,PctBach,PctFB,PctBlack,PctRural,-0.14149157735318751,0.2112211314908963,-0.0037568234138114723,-0.3552842738624646,0.0,0.2112211314908963,0.0,-0.3552842738624646,-0.11212942455539336,0.19645646577304193,-0.04140954356989053,-0.27716736016701804,0.0,0.19645646577304193,0.0,-0.27716736016701804,-0.04352279244514269,-0.042193852217810295,-0.5577586235473869,-0.5554876557429278,1.2923453498575517,1.2817304098768862,0.11873929415004975,0.09625504654329359,0.013305560007245644,3,NS,0.39627379850245076,3,LL,2.409225146806204,1,HH,-0.08683180411485626,2,NS,LL,LH,NS,NS,LH,NS,NS,HL,NS,NS,LL,LH
1,PctBach,PctFB,PctBlack,PctRural,-0.29592669519464726,0.12320249072515595,0.09884200779869227,-0.37693285779764,-0.29592669519464726,0.0,0.0,-0.37693285779764,-0.23251393778380386,0.13010399123868227,-0.01821893999440386,-0.30767545054241136,-0.23251393778380386,0.0,0.0,-0.30767545054241136,-0.19979785730303645,-0.19846891707570405,0.21410888592376595,0.21637985372822502,0.5688584265583156,0.5582434865776502,-0.2648578015390831,-0.2873420491458393,-0.08575107986550212,4,NS,-0.07097805685013138,2,NS,0.34374849866615637,1,NS,0.1459458216516309,3,NS,NS,HH,NS,NS,NS,NS,NS,NS,NS,NS,NS,NS
1,PctBach,PctFB,PctBlack,PctRural,-0.2823051608286989,0.16313482776278843,0.09604230218731342,-0.37100554228807675,-0.2823051608286989,0.0,0.0,-0.37100554228807675,-0.2265594860921985,0.19316429006142757,-0.030992553931654506,-0.3095942706880232,-0.2265594860921985,0.0,0.0,-0.3095942706880232,-0.5321575022825009,-0.5308285620551685,-0.1256751031338375,-0.12340413532937843,0.1474195387415704,0.13680459876090498,-0.4601267694290881,-0.48261101703584425,-0.2842654810142798,4,HL,-0.16607385197599075,4,NS,-0.006028612650043972,2,NS,0.3229414100747596,3,NS,NS,NS,NS,HL,NS,NS,LL,NS,NS,LL,NS,NS
1,PctBach,PctFB,PctBlack,PctRural,-0.17386626102528083,0.29920959762365373,0.010112413323616246,-0.4061725262671811,0.0,0.29920959762365373,0.0,-0.4061725262671811,-0.1414712048617914,0.33857548589126246,-0.07347354986333682,-0.3285490684689614,0.0,0.33857548589126246,0.0,-0.3285490684689614,-0.4639247274853923,-0.46259578725805994,-0.2392745263411557,-0.23700355853669663,0.01742418169847311,0.006809241717807675,0.2894839603856227,0.2669997127788665,-0.036759041805255056,4,HL,0.044592799465555485,3,NS,-0.004010083385117042,2,NS,-0.3671646891892661,2,NS,NS,NS,NS,NS,NS,NS,LL,NS,NS,NS,NS,NS
1,PctBach,PctFB,PctBlack,PctRural,0.14653201811905903,0.7290893943716462,-0.06113222052022676,-0.2891877085882048,0.0,0.7290893943716462,0.0,-0.2891877085882048,0.1755791818078889,0.716270315623132,-0.05953606875251854,-0.3055801681387894,0.0,0.716270315623132,0.0,-0.3055801681387894,0.007101524339808804,0.008430464567141202,0.008209931360501799,0.010480899164960878,-1.4221914371428428,-1.4328063771235082,0.7873735562378628,0.7648893086311066,0.0005626887609613087,1,NS,0.0015150693438464198,1,NS,2.234199536558098,3,LL,0.8636962331282413,1,HH,NS,HL,HH,NS,HL,HH,NS,NS,LH,NS,NS,HL
1,PctBach,PctFB,PctBlack,PctRural,-0.11336121199701402,0.3902646050952006,-0.024345294280548383,-0.3623152225992186,0.0,0.3902646050952006,0.0,-0.3623152225992186,-0.0924475460851001,0.3996477813593088,-0.09501726315728347,-0.3209299518660886,0.0,0.3996477813593088,0.0,-0.3209299518660886,-0.29884543362141996,-0.2975164933940876,-0.39243089155816496,-0.3901599237537059,0.1510265131323334,0.14041157315166797,0.05904806936850797,0.036563821761751804,0.24300569692276247,3,NS,0.3167835463247611,3,NS,0.04942854771056906,1,NS,-0.03666448912091682,2,NS,NS,NS,NS,NS,NS,NS,NS,NS,NS,NS,NS,NS
1,PctBach,PctFB,PctBlack,PctRural,0.11766980768238122,0.5963948014216427,-0.08513571679264947,-0.26878782913553034,0.0,0.5963948014216427,0.0,-0.26878782913553034,0.08401767271279299,0.5632961237094666,-0.05983656182258117,-0.2846634885072606,0.0,0.5632961237094666,0.0,-0.2846634885072606,-0.07213653671489784,-0.07080759648756543,-0.10843233353986953,-0.10616136573541045,0.16393948145126483,0.1533245414705994,0.2885585150401725,0.26607426743341633,-0.033484670350204776,4,NS,0.012339358601304471,3,NS,0.02479152403195182,1,NS,-0.277889526891375,2,NS,NS,NS,NS,NS,NS,NS,NS,NS,NS,NS,NS,NS
1,PctBach,PctFB,PctBlack,PctRural,-0.25744047724060676,0.19145098321666976,0.08125191500752026,-0.3547965737700046,-0.25744047724060676,0.0,0.0,-0.3547965737700046,-0.18000161303329465,0.22006392848109144,-0.038553685696066556,-0.30271136089373923,0.0,0.22006392848109144,0.0,-0.30271136089373923,-0.232813716075831,-0.2314847758484986,-0.3670738774493886,-0.3648029096449295,0.29357414105528584,0.2829592010746204,-0.1371463438669472,-0.15963059147370337,0.15264874081829227,3,NS,0.23119902810669835,3,NS,0.22336280544878004,1,NS,0.12955311388144725,3,NS,NS,NS,NS,NS,NS,NS,NS,NS,NS,NS,NS,NS
1,PctBach,PctFB,PctBlack,PctRural,0.09865194786063373,0.5824078569259247,-0.1276800211853893,-0.2705374814283122,0.0,0.5824078569259247,0.0,-0.2705374814283122,0.05537409812272247,0.5069423887702081,-0.11738272485436431,-0.2904117237347605,0.0,0.5069423887702081,0.0,-0.2904117237347605,0.34606434107383216,0.34739328130116454,0.05283827619194828,0.05510924399640736,0.4087809030962552,0.39816596311558977,-0.5744192695921951,-0.5969035171989513,-0.3722316954216542,2,NS,-0.03881843564842525,2,NS,0.43456138992597954,1,NS,-0.6300995956145338,4,NS,NS,NS,NS,NS,NS,NS,NS,NS,NS,NS,NS,NS
1,PctBach,PctFB,PctBlack,PctRural,0.14306254822755415,0.729133038517833,-0.05744138807783261,-0.28472150909724847,0.0,0.729133038517833,0.0,-0.28472150909724847,0.16736641987577436,0.7161847703440076,-0.056665585148117065,-0.3042180274697352,0.0,0.7161847703440076,0.0,-0.3042180274697352,-0.0633323077088194,-0.062003367481487,-0.008018557669115082,-0.005747589864656002,-1.50623394044762,-1.5168488804282854,0.951640105055284,0.9291558574485278,0.009388086302368889,3,NS,0.0016237026373194729,3,NS,2.357588529436653,3,LL,1.0438856722052665,1,HH,NS,LL,LH,NS,LL,LH,NS,NS,LH,NS,NS,HL
1,PctBach,PctFB,PctBlack,PctRural,0.15264366726405593,0.560416625238595,-0.14049908539461017,-0.27787166191880286,0.0,0.560416625238595,0.0,-0.27787166191880286,0.09388047035672924,0.5303392726424692,-0.09767976430852911,-0.2839148232264657,0.0,0.5303392726424692,0.0,-0.2839148232264657,-0.38908878093372484,-0.38775984070639247,-0.41068794171648393,-0.40841697391202486,0.5526991812876976,0.5420842413070321,0.5139044566573109,0.4914202090505547,0.13256651056268576,3,NS,0.18581685252373117,3,NS,0.012263968543354842,1,NS,-0.09224901570641654,2,NS,NS,LH,NS,NS,NS,NS,NS,NS,NS,NS,NS,NS
1,PctBach,PctFB,PctBlack,PctRural,0.11602845307370925,0.7217675410624604,-0.0362539768334951,-0.26178556689862137,0.0,0.7217675410624604,0.0,-0.26178556689862137,0.10139112560220283,0.7036466938516223,-0.03368211137337578,-0.2976911483115987,0.0,0.7036466938516223,0.0,-0.2976911483115987,-0.3560729221609304,-0.354743981933598,-0.22304603731153874,-0.22077506950707967,-1.2870020369770467,-1.2976169769577122,0.02804565029592434,0.005561402689168174,0.1587004419895432,3,NS,0.12789478405144125,3,NS,1.7465199175180168,3,LL,-0.026183380032778696,2,NS,NS,LL,NS,NS,LL,NS,NS,NS,NS,NS,NS,LL
1,PctBach,PctFB,PctBlack,PctRural,0.17458385232038373,0.7113035263495404,-0.10622249047704992,-0.29449009347589844,0.17458385232038373,0.7113035263495404,0.0,-0.29449009347589844,0.26454450708294397,0.721913402187218,-0.09030263461443432,-0.30051383247725266,0.26454450708294397,0.721913402187218,0.0,-0.30051383247725266,1.4245823943184515,1.425911334545784,0.6705351398817407,0.6728061076861999,-0.6802368049629002,-0.6908517449435656,-0.3897929231748683,-0.41227717078162446,-0.38566199573950416,2,LH,-0.26013207570225816,2,LH,0.35199623890071385,3,LL,0.12875821069369023,3,NS,NS,LL,NS,LH,LL,NS,LH,LH,NS,LH,LH,LL
1,PctBach,PctFB,PctBlack,PctRural,-0.26521208898524035,0.16001795242975403,0.08068927161974723,-0.437555587805857,-0.26521208898524035,0.0,0.0,-0.437555587805857,-0.2439035335099456,0.22949458986953739,-0.02435395987629069,-0.33377360795362665,-0.2439035335099456,0.0,0.0,-0.33377360795362665,-0.8645171472619653,-0.8631882070346328,-0.32041697148924003,-0.31814600368478096,-0.49195274176507336,-0.5025676817457388,0.6166288900022899,0.5941446423955338,0.08277077635745715,3,LL,0.13205556263838147,3,NS,0.04268829269969944,3,NS,-0.3624665666289785,2,LH,NS,NS,LH,LL,NS,LH,LL,NS,LH,LL,NS,NS
1,PctBach,PctFB,PctBlack,PctRural,0.19197697506071268,0.729977372601906,-0.16924107431779317,-0.2567680421002976,0.19197697506071268,0.729977372601906,0.0,-0.2567680421002976,0.18270631035265297,0.6938773763468958,-0.14542576193485443,-0.30767190200632255,0.0,0.6938773763468958,0.0,-0.30767190200632255,-0.23721583057887027,-0.23588689035153787,-0.28187431004389996,-0.2796033422394409,0.8794189216030073,0.8688039816223418,0.4380179383303896,0.41553369072363344,0.2800571065432887,3,NS,0.1457172794531996,3,NS,1.6560795770913121,1,HH,0.48047644016161034,1,NS,NS,LH,NS,NS,LH,NS,NS,NS,NS,NS,NS,HH
1,PctBach,PctFB,PctBlack,PctRural,0.12212028080236918,0.6869669791003657,-0.14181048384511055,-0.25266057081408916,0.0,0.6869669791003657,0.0,-0.25266057081408916,0.0823207383179446,0.612306062810647,-0.13661179262078588,-0.30682719478719994,0.0,0.612306062810647,0.0,-0.30682719478719994,-0.5739775900613738,-0.5726486498340414,-0.504001753636781,-0.5017307858323219,1.0166282274276306,1.0060132874469652,0.620793394056816,0.5983091464500598,0.1152136498554963,3,LL,0.3784002269357215,3,LL,1.426475900503969,1,HH,-0.07033164835135972,2,LH,LL,LH,LH,LL,LH,LH,HL,HL,HH,LL,LL,LH
1,PctBach,PctFB,PctBlack,PctRural,-0.22854044180142333,0.2084107154056277,0.05048507041387336,-0.4507382080977443,-0.22854044180142333,0.0,0.0,-0.4507382080977443,-0.1930484750661458,0.28252671122951684,-0.03958699647411362,-0.33952524824818003,0.0,0.28252671122951684,0.0,-0.33952524824818003,-0.2966443763699004,-0.295315436142568,0.040666909419735595,0.042937877224194676,-0.2660840054154962,-0.27669894539616163,0.016014860805070856,-0.006469386801685309,0.06992617142193482,3,NS,-0.020695192677094666,2,NS,0.12120786641105373,3,NS,-0.006055941877486287,2,NS,NS,NS,NS,NS,NS,NS,NS,NS,NS,NS,NS,NS
1,PctBach,PctFB,PctBlack,PctRural,-0.07228922131198781,0.25469696679030546,-0.04420550495723477,-0.35237852408271747,0.0,0.25469696679030546,0.0,-0.35237852408271747,-0.07542648212484056,0.23571642954683622,-0.050751267555262346,-0.27112475824580246,0.0,0.23571642954683622,0.0,-0.27112475824580246,-0.1843904565423991,-0.1830615163150667,0.11978079343911788,0.12205176124357696,1.191710764355265,1.1810958243745995,0.006760407350568237,-0.015723840256187928,0.17574810162901808,3,NS,-0.10055439685008818,2,NS,1.5586925944652272,1,HH,0.007415715598828592,1,NS,NS,LH,NS,NS,LH,NS,NS,NS,NS,NS,NS,HH
1,PctBach,PctFB,PctBlack,PctRural,-0.2080815431404612,0.28658789406802354,0.04504184962617876,-0.37900132382481844,-0.2080815431404612,0.28658789406802354,0.0,-0.37900132382481844,-0.15738794198587816,0.3484759456454083,-0.06717513248430967,-0.3190351970445226,0.0,0.3484759456454083,0.0,-0.3190351970445226,-0.3230570633881359,-0.3217281231608035,-0.44923060316182406,-0.446959635357365,-0.020665467867983837,-0.03128040784864927,-0.17092509897588182,-0.19340934658263798,0.13267987095926537,3,NS,0.282944892642544,3,NS,-0.0031606612201108253,4,NS,-0.18749342413519313,4,NS,NS,NS,NS,NS,NS,NS,NS,NS,NS,NS,NS,NS
1,PctBach,PctFB,PctBlack,PctRural,0.1501861351018348,0.7272736518333208,-0.06624495196816424,-0.2909729971590191,0.0,0.7272736518333208,0.0,-0.2909729971590191,0.18734608422776503,0.7174211140376121,-0.06378698901233022,-0.30470861612281064,0.0,0.7174211140376121,0.0,-0.30470861612281064,0.07753535638843706,0.07886429661576946,0.4088507542791686,0.4111217220836277,-1.3568330611822177,-1.3674480011628831,0.6999189710928131,0.6774347234860569,0.03599071936893077,1,NS,0.016110044907137033,1,NS,1.9299900334385616,3,LL,0.7677643909154025,1,HH,NS,HL,HH,NS,HL,HH,NS,NS,LH,NS,NS,HL
1,PctBach,PctFB,PctBlack,PctRural,0.12224789343084072,0.7253715119617404,-0.039997123215069055,-0.26669491705695925,0.0,0.7253715119617404,0.0,-0.26669491705695925,0.11706964020157799,0.7088670473207216,-0.039019616029414665,-0.2996504159938099,0.0,0.7088670473207216,0.0,-0.2996504159938099,-0.5475649030431383,-0.5462359628158059,-0.5668871486265464,-0.5646161808220873,-1.4410919829504407,-1.4517069229311061,0.32187454747638194,0.2993902998696258,-0.1008730661015412,4,HL,-0.6485547371573185,4,HL,1.9283542046930244,3,LL,-0.0021297384617504135,2,NS,HL,HL,NS,HL,HL,NS,LL,LL,NS,LL,LL,LL
1,PctBach,PctFB,PctBlack,PctRural,-0.2443326802527899,0.2355725648543198,0.08187879585914179,-0.34820656440682285,-0.2443326802527899,0.2355725648543198,0.0,-0.34820656440682285,-0.1624926864952239,0.2887550162711625,-0.04933630479698114,-0.3051794777300697,0.0,0.2887550162711625,0.0,-0.3051794777300697,-0.38908878093372484,-0.38775984070639247,-0.5354444511316637,-0.5331734833272046,0.487196526351442,0.4765815863707766,-0.3967337632657453,-0.41921801087250143,0.2278808040098882,3,NS,0.44949855719262194,3,LL,0.12201191629364229,1,NS,-0.4351904558805122,4,NS,LL,NS,NS,NS,NS,NS,NS,HL,NS,NS,HL,NS
1,PctBach,PctFB,PctBlack,PctRural,0.20530292617123946,0.7077297971023189,-0.15296797477498936,-0.3073371316700689,0.20530292617123946,0.7077297971023189,0.0,-0.3073371316700689,0.2419718256387705,0.7084529574476676,-0.12641060047120847,-0.30810967344048334,0.2419718256387705,0.7084529574476676,0.0,-0.30810967344048334,-0.12496191075136906,-0.12363297052403666,-0.18754621755925183,-0.18527524975479276,0.6677616643530362,0.6571467243723708,0.3736994868215965,0.3512152392148403,0.011964128647720049,3,NS,0.10602693293705773,3,NS,0.7102581806491087,1,HH,-0.14543660740151898,2,NS,NS,LH,NS,NS,LH,NS,NS,NS,NS,NS,NS,LH
1,PctBach,PctFB,PctBlack,PctRural,0.13180852744687183,0.672883477514829,-0.14016219910025904,-0.2488649352706112,0.0,0.672883477514829,0.0,-0.2488649352706112,0.08000625651414119,0.5974005352445488,-0.13130916235062462,-0.29702614467203653,0.0,0.5974005352445488,0.0,-0.29702614467203653,-0.0765386512179371,-0.0752097109906047,-0.4259021501817498,-0.42363118237729075,0.5618608962402355,0.5512459562595701,-0.1982257366666643,-0.22070998427342045,0.028756000725681904,3,NS,0.28885645723480335,3,NS,0.47034116138519677,1,NS,-0.2174404013339098,4,NS,NS,LH,NS,NS,NS,NS,NS,NS,NS,NS,NS,NS
1,PctBach,PctFB,PctBlack,PctRural,-0.27323956126131327,0.15841475425036727,0.0867936237006586,-0.3594922378931841,-0.27323956126131327,0.0,0.0,-0.3594922378931841,-0.19534649289615058,0.17002613594846563,-0.0297815695539273,-0.3011740461709442,0.0,0.0,0.0,-0.3011740461709442,0.009302581591328477,0.010631521818660875,-0.025261327263083014,-0.022990359458623936,0.43857451156395716,0.42795957158329173,-0.6951898871734541,-0.7176741347802102,-0.007564379670747655,2,NS,0.0110221799179444,3,NS,0.0834259496452029,1,NS,-0.023529970197298345,4,HL,NS,NS,LL,NS,NS,LL,NS,NS,HL,NS,NS,NS
